annual_gwh,latitude,longitude,altitude
1400.0,46.0731,7.4034,2364.0
204.0,47.96092,12.1561,436.8
715.0,46.870564,13.329601,600.0
62.0,46.18387,14.40805,342.1
178.0,45.942493,10.277462,272.0
584.0,40.3305,22.1253,181.6
122.0,44.449583000000004,24.312917000000002,114.0
106.0,45.074583000000004,24.364583,225.0
125.0,44.857917,24.24625,177.0
120.0,44.774583,24.27125,164.0
148.0,41.21956111,20.30383333,275.5
321.0,42.198002,23.862,1178.9
150.4,47.275002,12.755999999999998,762.0
120.0,44.920417,24.250417000000002,189.0
107.0,45.17875,24.369583,260.0
99.98,45.334999084472706,14.4519996643066,30.4
897.8,41.4886,-6.2656,531.4
245.0,47.744440000000004,12.1348886,460.7
33.0,46.269580299999994,9.872098699999999,980.3
142.0,63.82958299999999,15.642083,287.0
495.0,44.96118,5.68874,476.2
101.0,68.10875,26.722083,246.0
718.0,47.2666667,10.933333300000001,649.0
65.0,60.71220699999989,12.667535,349.0
158.0,58.35555600000001,12.374444,41.0
300.0,49.606998,14.182,309.5
66.0,45.082,2.194,395.3
116.0,46.04415,15.22365,190.7
226.0,57.2553615,-4.4931519999999905,20.0
100.0,39.9511,20.09778,200.2
109.0,46.01704,15.28121,180.4
661.0,47.067783,10.665211,870.0
175.2,47.146432,11.967219,1064.5
5650.0,44.668999,22.526999999999997,59.7
860.0,43.272999,18.841998999999998,632.8
671.2,47.158171,11.850272,641.3
1967.0,48.374728000000005,15.855343,194.0
1717.0,48.355951,16.241844,177.4
1686.0,48.385414000000004,14.0227,274.4
69.3,42.1373,23.5691,1876.0
130.0,56.261511999999996,-4.7635879999999995,264.5
371.0,47.074251000000004,9.874371,994.2
1335.0,48.189357,15.0677549999999,226.3
118.0,66.467003,16.549485,477.0
660.0,45.214659999999995,6.71208,1090.4
195.0,60.868056,26.704159999999998,77.0
65.0,47.84125,27.225416999999997,82.0
70.0,45.215,2.0380000000000003,278.4
2032.0,44.304001,4.742,53.1
75.0,46.457917,26.952083000000002,137.0
1318.0,48.166415,14.695103,237.9
320.3,47.233703999999996,11.899669,580.4
131.0,45.87102,15.67196,134.7
1221.0,48.223471999999994,15.304143,221.1
1153.0,48.3165,14.151057000000002,258.6
1052.0,48.176871999999996,16.481754000000002,156.5
995.0,48.248186,14.429929000000001,251.0
100.0,56.123701000000004,13.116029999999999,7.4
14.0,62.807917,30.179583,94.8
83.1,67.4167,26.6,176.0
563.5,46.333646172200005,8.0075990397,700.3
142.0,46.58558,15.01881,342.8
209.0,40.340284999999994,-8.196778,85.3
850.0,48.5191878,13.707966599999999,290.3
650.0,45.3391,22.7213,1060.6
82.0,44.407917,24.354582999999998,105.0
54.0,40.5,-7.51,866.0
540.0,39.1845,21.0255,103.2
97.0,64.607742,15.465791000000001,353.0
37.4,47.065944,13.353102,1668.7
482.0,47.315375,13.1387859999999,596.0
77.0,46.14578,14.41438,322.7
670.0,61.38164499999989,13.731379,423.2
549.0,48.244957,13.0075,339.3
180.0,57.132999,-4.683,42.8
94.0,41.692083000000004,19.832917000000002,77.0
1010.0,67.493432,18.353512,457.6
79.0,66.91193,26.265552000000003,183.3
60.0,41.07,-7.46,717.0
111.34,42.02941667,20.55555278,699.8
108.53,42.06903611,20.46006667,300.2
108.5,42.02874167,20.53076389,520.0
541.0,48.4355526,13.44094485,311.5
390.0,46.561407,14.479829,394.5
414.0,47.062954,10.662868,871.1
550.0,47.212246,10.721519,722.0
103.0,56.707001,-4.02,146.6
254.0,57.382,-4.881,698.0
44.9,40.3095,-8.2488,49.4
276.0,46.160365000000006,9.936608999999999,300.2
15.0,60.868056,26.704159999999998,77.0
64.0,40.22,-7.43,737.0
401.0,46.628959,14.701371,394.6
593.0,41.368999,0.27399999999999997,74.9
60.0,46.695417,26.712916999999997,204.0
84.6,44.6895,15.2706,544.6
62.0,42.4452,25.6364,229.2
658.0,46.334988521599904,8.98264959939,454.1
66.8,41.8124,-8.354,44.6
504.0,48.5534887,13.43444355,303.4
50.928999999999995,40.719766,9.101024,202.8
106.616528,41.81460833,20.21796944,1024.3
930.0,38.7415,21.3642,143.0
56.0,46.417,14.133,698.2
81.0,67.69143299999999,26.802883,189.0
41.0,47.165417,24.877917,798.0
491.0,67.729796,17.4849399999999,599.8
57.0,40.23,-7.42,611.0
72.0,45.983973999999996,8.146114,672.1
1120.0,43.759997999999996,19.289,338.0
186.0,56.771999,-3.353,503.2
187.0,56.699001,-4.408,269.2
175.0,56.509997999999996,-4.228,271.8
82.0,56.282002,-4.93,393.1
1300.0,42.6718,18.9951,70.6
86.0,66.830913,18.97472,297.0
92.0,57.382,-4.881,698.0
153.0,57.155998,-4.936,169.6
434.0,48.29207045,13.1589383,338.3
270.0,47.892953999999996,14.512341000000001,357.9
70.0,45.422855,7.5962130000000005,461.1
135.0,57.775002,-4.955,472.0
35.0,47.059583,22.30375,211.5
35.0,47.07875,22.207917000000002,190.0
54.8,47.077999,13.417,2774.3
388.0,47.6057785,14.7429955,484.7
268.0,47.641244,12.198715,472.1
64.0,60.0833333,13.983333300000002,338.0
142.0,56.673,-4.147,591.0
206.0,47.433997999999995,13.949000000000002,677.3
239.0,48.224936,14.53116,242.4
24.7,48.29849,16.348,159.9
163.0,47.083,13.411,2345.8
76.3,63.33876899999999,30.031884,96.6
21.0,45.59125,22.95875,320.0
120.0,46.8332,13.360071,560.0
106.0,56.408001,-5.112,395.0
87.0,57.775002,-4.955,472.0
125.0,57.943999999999996,-4.417,17.6
66.1,63.323397,30.143619,105.0
28.0,44.982917,24.742082999999997,324.0
26.0,45.082917,24.662917,379.0
45.0,46.292293,9.365335,320.7
66.0,46.146389,9.300937,232.6
42.0,58.560479,15.082435,86.5
36.0,45.79375,24.595417,398.5
39.0,45.745416999999996,24.39125,378.0
37.0,45.77875,24.512917,388.0
33.0,45.80875,24.749582999999998,410.5
29.0,45.835417,24.860417,417.0
71.3,40.26653611,20.52168611,529.1
430.0,44.2007328,15.6811168,5.0
48.0,40.23,-7.39,644.0
40.0,40.23,-7.41,642.0
931.0,63.5493995,16.7128525,286.6
51.0,66.492336,26.128326,91.6
723.0,52.6564,19.1339,52.1
300.0,46.39734,5.66556,398.8
25.0,45.057916999999996,23.267917,214.0
49.98,40.3098,20.47698056,600.1
322.6,46.8761153436,8.98702934899,980.8
261.8,46.6168313031999,8.30758712831,1307.2
1510.0,42.009997999999996,19.625,30.0
31.3,67.636463,26.781734999999998,194.7
52.0,46.932916999999996,26.337916999999997,318.5
1147.0,66.428961,20.653796,60.5
27.0,47.235001000000004,12.058,1284.6
75.0,56.401001,-4.122,315.9
30.0,45.249583,25.735417,632.2
50.0,40.96899722,20.51337222,505.7
1850.0,39.730301000000004,-6.8849,219.3
825.0,56.7405,24.7113,32.1
19.0,41.34,-8.11,393.0
30.0,62.590858999999995,16.406570000000002,223.7
388.505,40.127148,9.140644,352.0
23.0,61.490515,14.712678,412.5
610.7,41.1605,-7.3742,101.2
60.0,57.382,-4.881,698.0
291.0,42.233002,23.950001,381.0
310.0,45.412690000000005,2.4986200000000003,445.9
27.0,65.6833333,18.1666667,420.0
87.0,57.155998,-4.936,169.6
12.7,42.6125,25.3198,364.0
11.0,62.825417,29.475416999999997,90.0
154.0,42.11625,-7.212083,870.0
78.0,57.077999,-4.781000000000001,199.2
58.0,57.382,-4.881,698.0
38.3,47.3158445,13.1409435,593.8
25.82,39.9169,20.1374,66.8
4.524,45.304985200000004,14.7148369,721.4
273.0,45.161887,7.008396,621.6
24.32,45.6143,15.4778,122.6
388.0,45.923109000000004,10.628414,489.8
59.0,57.382,-4.881,698.0
121.0,57.6166,-4.76,120.6
113.0,42.628502000000005,-7.7122,229.6
67.0,47.321488,13.174577,576.0
1650.0,63.14623,16.0706,194.1
23.3,40.92728056,20.22091667,258.4
560.0,46.6679,23.059,977.1
488.0,46.5901915364999,9.421427226210001,1053.2
80.0,57.775002,-4.955,472.0
87.0,57.155998,-4.936,169.6
130.0,65.93956,25.043108,45.0
16.317,41.0057,20.425,706.9
71.0,56.509997999999996,-4.228,271.8
29.0,57.155998,-4.936,169.6
36.0,56.345001,-5.13,36.0
400.0,45.3667,24.6307,797.5
19.3,40.11119167,19.87758889,183.1
1002.2,45.009997999999996,14.892999999999999,24.2
60.0,56.699001,-4.408,269.2
42.0,57.5851,-4.5397,93.6
26.0,56.509997999999996,-4.228,271.8
26.0,58.188999,-4.734,100.0
10.118,40.76601389,20.39604444,1011.0
22.0,56.014998999999996,-5.121,8.0
490.09,54.797866000000006,24.248169,38.2
11.6,40.13735833,20.55160556,400.6
760.0,66.976846,18.573706,459.6
9.57,40.65228889,20.24792778,457.6
710.0,46.201029,12.302334,400.9
7.5,41.44522,20.5049,671.3
661.0,65.127297,19.467367000000003,310.4
8.69,46.56087,15.67309,253.1
590.0,43.448002,17.837,95.2
59.0,46.745776,15.571428,407.2
434.0,46.9386,26.1029,1415.9
1310.0,44.328998999999996,22.528000000000002,26.0
4.0,52.762083,-8.477083,330.2
968.0,64.000342,19.566667000000002,1041.2
4.74,46.38817,15.9264799999999,449.4
1690.0,45.202,6.585,37.2
806.1,41.0849,-8.1306,313.3
21.0,56.682999,-4.513,761.1
366.0,40.395419,19.805764,26.0
400.0,62.46369,13.080910000000001,290.9
850.0,48.51955,13.708869,284.4
1386.0,56.583,25.2394,377.6
220.0,41.693191999999996,-8.027951,-1.9
326.0,42.8211,0.010329999999999999,517.0
422.0,42.159,23.871,405.6
408.4,41.1343,-7.1141,507.0
185.0,46.08412,13.667570000000001,71.4
518.4,46.2302203342,7.85719305844,144.5
2150.0,66.88530899999989,19.818399,939.6
870.0,66.2682205,20.8259525,169.2
500.0,42.734001,18.497,128.9
700.0,41.271328000000004,-6.320278,223.1
983.0,62.983391000000005,17.866538000000002,418.9
790.0,66.80939000000001,19.896293,193.2
230.0,41.209099,-7.0489999999999995,55.1
632.0,64.360001,24.409000000000002,103.0
523.0,46.304613,9.376503,358.0
321.0,46.401001,8.551,624.0
106.0,46.464001,8.546,672.3
350.0,41.771,20.84,455.9
650.0,43.757,17.743,391.5
1215.0,58.2802,12.278516499999899,343.3
735.0,62.519356499999894,17.3850874999999,152.0
396.5,39.5429,-8.3188,296.7
154.0,41.9404,24.27,415.8
350.0,64.7506673477997,20.9527945518493,915.5
1441.0,41.692695,-8.027817,242.4
748.0,63.2411585,15.2339025,131.2
413.0,40.0966,21.8039,405.0
19.0,56.282002,-4.93,393.1
753.0,63.266912,17.204441,60.5
504.0,48.55369,13.4356937,292.4
19.0,56.078998999999996,-5.3420000000000005,96.8
475.0,40.693986200000005,20.439501,521.4
7.0,56.351002,-5.093999999999999,62.2
15.0,56.509997999999996,-4.228,271.8
16.0,56.509997999999996,-4.228,271.8
221.4,41.705833,19.770278,3.0
12.0,58.02,-4.4151,112.4
1005.0,63.1837,17.0968,89.7
118.4,41.705833,19.770278,3.0
667.8,46.1573658,7.2092732999999996,475.4
65.0,40.506225,20.310079,721.5
290.0,54.5,-8.19,10.0
160.0,46.058217,6.956967,1144.1
12.9,44.42463,9.395171000000001,173.6
12.0,44.42463,9.395171000000001,173.6
48.0,43.869813,7.549187,85.3
26.0,43.822105,7.579253,24.8
12.0,44.3938,8.2787,330.5
21.0,44.539551,8.338875999999999,269.3
13.0,44.613917,8.606257000000001,189.9
13.0,44.250215000000004,9.679784,132.7
50.0,37.829642,14.576644,947.4
40.0,45.487814,7.395236,2386.8
70.0,45.406252,7.487785000000001,564.0
200.0,45.433313,7.417422,684.2
8.0,45.433313,7.417422,684.2
55.0,45.529214,9.533849,115.0
178.6,45.6540043,9.484736900000001,158.4
51.0,45.6647544,9.4833148,207.9
27.0,44.509523,7.912195,239.0
40.85,46.110463,12.880402,124.7
24.1,41.940765899999995,13.4028744,736.0
33.0,46.348831,10.355053,957.3
275.0,42.25183,-8.1419,70.0
139.0,40.991739,-8.1419,455.4
11.863,40.889793,8.893944,106.8
312.0,63.197917000000004,13.50875,547.2
869.0,63.54198100000001,16.45496,154.7
740.0,48.83135,8.112160000000001,115.0
140.0,45.20308,6.57913,1050.5
117.0,45.239059000000005,6.3168593,734.9
92.0,42.6717259,1.7009906000000004,1697.8
410.0,45.209920000000004,6.47663,731.6
56.0,46.34200870000001,9.3687663,545.3
73.0,46.392703999999995,9.353384,1062.4
410.0,46.286138,10.265884,612.1
484.0,66.314003,27.190001000000002,238.4
248.0,49.82354,14.434501000000001,255.0
2600.0,47.88004,17.53841,121.8
540.0,66.6313945,19.8198109999999,251.5
713.0,62.950832999999996,16.667778,60.0
700.0,63.55540799999989,16.8403049999999,170.5
250.0,45.435348,7.4184660000000004,704.0
561.0,64.744883,20.863432999999997,53.5
515.0,65.931,24.714001,25.7
146.0,43.73687,6.1342300000000005,466.8
641.0,63.368269999999995,16.98765,64.4
357.9,39.5428,-7.8029,70.5
825.0,62.990118,16.65472,94.5
900.0,46.489007,10.294052,1353.3
410.0,65.0222165,19.682859,231.0
330.0,45.825196000000005,7.333163000000001,968.0
428.0,64.4674469999999,15.532646,374.0
152.0,50.083,17.180999999999997,805.1
548.0,64.945753,15.827496,397.4
300.0,42.0135,24.2579,598.9
520.0,60.95096649999989,12.545216,294.8
189.0,41.763284999999996,-8.20976499999999,492.1
300.0,47.631353999999895,11.337054,606.7
105.3,42.23193,23.949379999999998,387.2
290.0,45.21348,6.72053,1091.5
948.0,41.872,-8.2025,334.4
148.0,48.6333,14.2375,719.9
50.0,46.443064,9.334613000000001,1249.0
360.0,41.0716,-8.486,14.0
150.0,41.404999,21.936001,174.6
210.0,45.03048,6.07914,751.2
548.0,46.40251,16.0337399999999,200.4
577.0,46.44793,15.7869299999999,231.4
2000.0,42.104,19.826,106.6
510.0,60.563680500000004,17.44205,17.4
340.0,63.74985,13.54035,592.8
415.0,63.344498,13.4603049999999,318.0
430.0,61.3375,22.113611,27.0
1090.0,45.68545,6.62248999999999,1550.9
579.0,66.339996,27.155001000000002,125.9
304.8,39.91727,-8.13243999999999,182.2
113.0,41.958,0.634,699.3
2300.0,63.851980000000005,20.051344,99.0
522.0,63.5322,17.2946,239.0
160.0,41.632529999999996,25.33801,300.9
604.0,64.0448895,17.692220499999898,366.6
200.0,42.77668,1.67671,553.0
217.0,41.583999999999996,26.108,110.4
332.0,62.472822,16.325252,59.0
1650.0,49.9515671281818,6.18003128690909,249.2
384.0,46.349998,8.6,582.9
440.0,64.479423,18.878073,204.0
356.0,54.874140000000004,24.0,48.5
338.0,66.42400400000001,25.540001,74.4
126.0,58.275,12.2726,15.8
374.0,65.095,17.101667000000003,354.0
420.0,62.3833333,17.3166667,25.0
28.5,47.491345,13.956942999999999,665.9
7.0,57.775002,-4.955,472.0
507.0,46.175999,8.684,696.5
1150.0,45.446999,23.768,1277.2
462.0,64.9687,17.54421,327.9
534.0,65.40360600000001,18.673154,404.2
428.0,63.636633499999895,16.7869399999999,181.4
137.0,42.772,2.213,455.8
450.0,46.3479,16.2684,178.3
457.0,66.155998,25.125,40.0
255.0,42.588,1.797,1428.8
383.9,41.4,-7.59,776.0
153.381666666667,45.2286,14.6736,92.7
1330.0,42.243999,20.014999,715.8
204.0,59.049013,17.465807,46.4
451.0,62.80183,16.637707000000002,135.6
200.0,62.53208299999999,13.092083,651.5
214.0,66.706406,19.516481,284.0
571.0,63.112908999999995,16.354573000000002,124.5
433.0,66.36875,26.689583000000002,99.0
187.3,41.83225,24.42183,565.6
165.0,41.61227,25.640520000000002,172.0
220.0,39.28,-7.59,260.0
180.0,47.586290000000005,8.13207,309.0
145.0,41.72052,24.42502,713.3
1701.0,43.4581,16.7027,51.6
285.0,42.027190000000004,24.47085,258.1
340.0,63.028895999999996,16.569357999999898,106.0
348.0,60.065049261530504,15.9236633777618,134.0
390.5,46.3113,16.4945,156.4
350.0,46.3205,16.7489,137.9
33.0,39.545417,-1.502917,620.0
6.6,47.09048,11.792702,1020.7
4.0,56.509997999999996,-4.228,271.8
7.0,56.699001,-4.408,269.2
305.0,46.577290000000005,15.4059899999999,297.8
685.0,48.681999999999896,7.919,130.7
328.0,65.509167,15.625556,427.0
297.0,46.58659,15.2754799999999,317.0
255.0,40.96,20.067999999999998,133.6
536.0,63.597923,16.120589499999898,267.1
1190.0,66.95428100000001,19.796076,366.6
200.0,61.46208299999999,23.437917000000002,88.3
151.0,42.317001,0.2,504.0
147.0,42.1194,24.289,242.2
120.0,41.682916999999996,19.89625,122.0
306.0,63.821222,17.1450079999999,264.0
1840.0,66.691226,20.345341,167.1
337.4,41.653,-8.231,138.4
140.0,66.4990459999999,17.107241000000002,542.1
852.0,46.7085534816,8.22601948865,630.5
327.0,61.210576,28.782635,70.1
9.0,56.282002,-4.93,393.1
270.0,46.56804,15.60415,272.0
323.0,65.476969,15.856519,385.8
100.0,41.6428,24.153000000000002,1194.9
8.0,57.382,-4.881,698.0
137.6,40.9871,-7.5353,535.4
248.16,64.75,26.416666999999997,81.0
260.0,46.55874,15.445110000000001,575.5
848.0,38.890417,21.499582999999998,268.3
1720.0,66.503203,20.380167,213.8
247.0,46.59257,15.15301,332.7
230.4,45.2989,15.2633,202.8
210.0,64.57875,26.76625,118.0
230.0,46.15987118895001,5.975348600465,336.2
5254.0,44.673,22.531999999999996,53.4
256.7,41.7686,-7.9504,714.6
69.0,44.622793,22.641357,53.3
620.0,43.013999999999996,17.802999,4.6
106.0,44.177917,24.48375,74.0
104.0,44.045417,24.57125,64.0
98.0,44.26625,24.400417,89.0
101.0,43.81625,24.69625,37.0
103.0,43.920417,24.625417000000002,50.0
1700.0,46.05271,5.81285,328.0
1000.0,46.419899900000004,6.9287696,420.0
130.0,45.162083,22.732917,671.2
173.0,44.537083,24.325417,134.0
217.0,41.98756111,20.52793889,900.6
230.0,42.01168611,19.55194167,14.0
12.0,56.699001,-4.408,269.2
161.0,45.89888,15.5882,141.0
1390.0,46.804819733900004,10.331344182999901,1140.2
112.0,41.91922,24.19305,1154.5
23.0,59.54375,13.299582999999998,62.0
132.7,45.820784506939795,10.527069568634,379.0
134.0,45.120416999999996,24.375417000000002,247.5
152.6,47.651451,10.735525,791.3
1031.0,50.3717154,5.8703455,254.1
1016.0,56.9460041154056,24.1058921813965,4.6
12.0,56.282002,-4.93,393.1
140.0,44.682916999999996,24.292082999999998,145.0
165.0,45.012083000000004,24.29625,208.3
115.0,46.337083,27.04625,122.0
80.0,46.727083,23.29625,520.0
7.5,41.51,-8.16,417.0
153.2,39.854,-8.2197,145.5
99.897,39.9622222,9.5055556,693.0
110.0,46.187083,27.18375,108.0
82.92,45.3485,15.3452,167.8
231.2,41.41,-8.5,123.0
205.0,64.717559,18.242239,269.4
612.0,46.0508221655,6.94899701138,1124.5
122.0,45.495416999999996,26.250417,534.0
63.8,39.5649,-7.8123,89.3
2350.0,46.5680720667,8.31932651704,1942.2
48.7,40.5316,-7.3297,698.1
700.0,44.47095,6.26967,739.0
100.0,59.386351,13.569723000000002,50.0
88.0,58.986325,14.106716,59.2
250.0,61.489481999999995,16.381977,115.9
151.0,45.701758,7.2079,690.6
4.0,56.699001,-4.408,269.2
148.0,45.99027,15.381829999999999,165.2
146.0,45.97461,15.48091,163.5
89.0,42.9474,-0.2179,903.2
90.0,42.9842,-0.1428,723.3
102.0,42.9929,-0.0998,595.9
270.0,42.87024,-0.01209,677.5
24.9,46.176359000000005,9.982128999999999,478.1
2.2,46.150244,9.818458999999999,327.3
18.36,46.159346,9.930337,298.9
75.0,46.159440000000004,9.929995,297.0
128.0,46.160817,10.086202,374.0
104.0,46.171155999999996,10.06145,834.7
148.9,46.161206,10.352905,647.4
48.0,46.827532,11.169127,933.4
666.6658,58.29373399999999,6.453253,102.2
31.11,58.348278,6.964347999999999,57.4
184.6935,58.244885,7.515696000000001,86.9
4357.37,58.65815500000001,6.728166000000001,190.6
152.3353,58.659909999999996,6.698752000000001,57.6
346.9117,58.405781999999995,7.523531,202.3
293.7408,58.505942000000005,7.417103999999999,211.2
144.5292,58.669051,7.450991999999999,337.2
101.0913,58.76468199999999,6.36841,315.7
317.7538,59.01098100000001,6.4451279999999995,629.5
1303.059,59.054051,6.61583,226.5
809.6342,58.77569200000001,7.0129649999999994,719.5
258.675,58.935618000000005,7.088094,897.3
135.5806,59.026672999999995,7.089142999999999,914.4
119.2443,58.763639000000005,7.51007,370.6
68.6171,58.983853,7.67232,315.6
186.3583,58.25351800000001,7.958415,14.2
141.5,58.265174,7.966342,30.4
542.2186,58.300155000000004,7.967539,60.3
172.5795,58.356703,7.904827,100.8
501.2,58.390377,7.894692,122.6
126.351,58.530437,8.334303,129.8
123.4488,58.542919999999995,8.673607,47.1
419.0624,58.596229,8.716275999999999,62.8
104.9062,68.090128,17.716649,799.1
212.1743,58.906296999999995,8.22607,309.3
173.1927,58.951933999999994,8.394045,266.7
139.2271,58.951595999999995,8.517097,166.0
89.4214,59.657665,6.096469,202.7
46.2489,59.657561,6.0963389999999995,201.8
416.4952,59.874602,6.073857,621.5
146.9,60.384643000000004,5.806851999999999,33.3
62.6539,59.314015000000005,6.621668,726.2
584.6973,59.353128000000005,7.2478169999999995,913.6
246.6902,59.353127,7.247782000000001,913.8
1555.6070000000002,59.12481,7.5063,312.8
239.8988,59.687515000000005,6.521502,355.3
3611.467,59.526993999999995,6.658841000000001,334.5
946.5079,59.555761,6.598419,374.4
1077.896,59.651863,6.8245119999999995,240.5
771.5302,59.651863,6.8245119999999995,240.5
173.3778,59.690493999999994,6.570213000000001,555.7
66.941,59.930932999999996,6.197613,737.1
239.6537,59.831860999999996,6.881373,679.9
903.5,59.818537,6.818575999999999,570.5
42.2495,59.850283999999995,6.962739,1141.3
588.6658,59.779587,7.7288179999999995,838.4
1145.972,60.127577,6.337427,334.6
972.9718,60.125942,6.568911,556.4
1068.9560000000001,60.129931000000006,6.641964999999999,524.3
132.1838,60.132948999999996,6.6280850000000004,418.0
101.8965,59.363499,8.052367,402.4
135.126,59.21679,8.451891999999999,255.5
67.5103,59.356167000000006,8.177044,251.7
218.8306,59.30235,9.203938,59.9
97.0593,59.297123,9.219933000000001,34.0
478.2516,59.49854499999999,8.633632,139.1
425.2527,59.608253000000005,8.713219,289.0
424.0959,59.58120400000001,9.25728,93.7
190.9641,59.568963000000004,9.26405,36.0
175.4352,59.658549,9.207749,128.3
103.3687,59.686023,9.142329,162.7
186.5,59.825846999999996,8.345667,871.1
953.033,59.869440000000004,8.493679,674.3
185.6011,59.919989,8.777644,280.6
62.7783,59.939501,9.339152,193.9
215.5707,60.049487,9.199798,240.0
239.0206,60.243793999999994,8.701658,905.7
152.2665,60.257442000000005,8.92642,486.3
758.809,60.267223,8.959338,371.0
183.3928,59.207785,9.528108999999999,8.6
92.117,59.198381000000005,9.609542,6.6
392.7904,59.621986,9.667983,144.8
65.5124,59.657714,9.651615,135.9
59.6236,59.721146999999995,9.594435,169.1
135.3,59.474488,10.004542,51.8
58.6772,59.862852000000004,9.384991000000001,184.0
81.22,59.787085,9.900813000000001,5.0
335.0,59.902164,9.925332000000001,25.1
75.2919,59.928858999999996,9.963443,59.4
189.8074,60.084174,9.816174,153.4
119.8912,60.169989,10.254480000000001,78.8
141.4353,60.185024,10.241127,99.3
46.6894,60.19444,10.322431,84.9
64.1947,60.58251800000001,5.54282,23.8
664.4060000000001,60.581954,5.823857,272.9
165.053,60.581956000000005,5.8844330000000005,430.6
93.831,60.554264,6.029859,694.4
817.8172,60.872580000000006,5.594089,101.9
755.6,60.923999,5.98594,421.1
57.2289,60.960654000000005,5.702609,489.7
113.0012,61.716661,5.236697,43.0
59.3099,61.43568199999999,5.915368,25.1
42.7655,61.61468000000001,5.678051,66.2
110.3411,60.55784,6.211286,593.8
1350.9820000000002,60.662251,6.118739,510.5
45.99,60.738548,6.261966,813.5
2158.1910000000003,60.50696800000001,7.140933,650.6
1366.141,60.507420999999994,7.1407050000000005,674.0
92.90799999999999,60.575844999999994,6.921271000000001,195.6
455.1265,61.021374,6.5676619999999994,352.6
390.926,61.068274,6.581861999999999,153.7
112.2034,60.901828,7.178971000000001,174.5
227.4592,60.804331000000005,7.378572,1074.7
2508.2529999999997,60.8525,7.300704,900.6
197.7,61.05021,7.643941000000001,222.0
107.0703,61.218821,6.063636,16.3
636.1908,61.218879,6.063321,23.8
193.2259,61.350356999999995,6.573761999999999,689.6
349.6171,61.27795,7.150453999999999,210.0
528.7958,61.176752,7.626967,528.6
65.4491,61.445797,6.009602,58.7
1005.7860000000001,61.520817,7.308742,946.3
72.9785,60.529495,7.748357,1147.4
32.283,60.502857999999996,7.8623970000000005,989.9
890.0443,60.567368,8.410259,619.7
110.0988,60.611233999999996,8.26258,602.3
371.7256,60.62675,8.181678999999999,610.8
379.7952,60.626677,8.182144000000001,611.0
233.4473,60.582930000000005,8.404554,622.1
1492.906,60.603391,9.064691,298.0
522.8218,60.705018,8.969284,319.5
1083.8,61.061043999999995,7.822617,490.4
32.8087,60.929748,8.422632,717.8
241.0185,60.802417000000005,8.638246,811.4
145.9572,61.19814100000001,8.382166999999999,578.5
166.3574,61.141693999999994,8.878446,551.2
73.6094,61.25827099999999,8.757071,794.5
1407.001,61.504615,7.706136999999999,211.8
629.7819999999999,61.481479,9.314391,695.9
293.702,60.82713199999999,9.548789,314.0
140.0683,60.810641000000004,10.135008000000001,232.1
338.1831,61.00656899999999,10.031814,498.8
135.6518,61.115301,10.454125999999999,132.9
608.2249,61.219682999999996,10.439034,174.1
52.1576,61.319056,10.300177,191.4
1263.56,61.564563,9.792926,500.5
448.8,61.581624,9.842172,227.8
191.1448,61.768853,5.304794,131.6
278.237,61.768853,5.304794,131.6
52.6506,61.77111,5.297623000000001,3.0
227.8754,61.801737,5.669954,472.2
383.6423,61.801737,5.669954,472.2
131.25799999999998,62.020561,5.839346,328.9
272.3,62.107524,6.571821000000001,247.1
68.2776,62.22640500000001,7.421345,29.0
519.1812,62.232416,7.430165,177.1
150.5448,62.205011999999996,7.445873,635.3
418.3032,62.195096,7.517685,748.6
112.4123,61.899278,8.227095,416.6
94.9562,61.846031999999994,8.961143,378.0
72.5578,61.817179,8.951578,824.1
85.6,61.8037,9.303697,346.8
112.1926,62.508264000000004,8.473486999999999,801.0
602.4465,62.627288,8.893746,459.5
1852.07,62.664258,8.514969,310.6
69.4526,62.834157999999995,8.520458999999999,13.3
105.2788,63.038848,8.655876,21.6
67.7764,62.933703,9.125257000000001,424.9
893.0372,63.001093000000004,9.020321000000001,136.9
124.9258,62.185692,10.611858,593.3
151.5304,62.621834,10.257691000000001,757.8
167.0935,62.662417000000005,10.139673,699.2
331.62,62.915994999999995,9.680166999999999,604.6
133.5001,63.113493999999996,10.478311,373.8
250.5768,59.276365000000006,11.129869,15.2
544.0168,59.27644,11.133689,30.2
169.3568,59.274985,11.129381,6.9
107.575,59.128023,11.43825,81.4
1276.778,59.542692,11.170125,30.3
1241.042,59.579898,11.100725,75.6
199.7972,59.989971,11.264708,106.9
583.0,60.027536,11.323332,114.4
193.593,60.167127,11.529376,125.8
191.5744,60.202822,11.892736,137.2
163.1,60.706254,11.791752,158.1
135.0209,60.830493999999995,11.611755,171.1
163.1,61.163872999999995,11.456755000000001,220.2
306.3208,61.237602,11.517878,340.8
771.4,61.811303,11.114915,405.2
105.4002,63.05301800000001,11.489542,322.1
95.3572,62.996363,11.826642999999999,710.9
73.0394,62.957739000000004,12.098549,836.6
207.4527,63.300242000000004,9.136845,224.8
344.9091,63.178053000000006,9.772572,106.6
158.6582,63.150397999999996,10.317983,165.5
70.3656,63.321965000000006,10.436126,109.7
109.9968,63.279212,10.472662,104.7
621.1584,63.355502,10.448813000000001,281.9
70.6049,63.192406000000005,10.956678,247.7
63.8,63.637554,10.132666,95.6
96.0375,63.726499,10.865013000000001,142.7
54.0695,63.927744,10.233433999999999,332.1
76.93,63.84786999999999,10.682239,183.8
25.3609,63.164753000000005,11.231371000000001,216.4
405.3697,63.155303,11.235878999999999,365.0
67.796,63.44024399999999,11.742539,257.9
136.5533,64.228736,12.025878,241.6
259.1953,60.805201000000004,7.377305000000001,1095.0
77.3951,60.958422999999996,9.300065,353.2
168.1781,60.857431999999996,5.696332,750.0
679.9,60.87005799999999,5.596857,396.9
463.7812,63.407563,11.776733,362.7
43.9553,59.204846999999994,7.835122999999999,601.6
101.7914,59.310502,9.045155000000001,81.7
473.605,60.911584999999995,9.368901,516.1
140.489,59.883353,8.683911,241.9
881.7369,59.876366000000004,8.592995,300.9
708.3,58.557967000000005,7.367182000000001,427.0
680.5938,62.500671,7.776139,236.3
39.5399,61.416520999999996,5.949262,356.7
97.8411,62.63921800000001,8.730667,272.7
51.6063,62.44759499999999,7.487445,100.8
402.3264,62.802952000000005,10.017076,373.8
676.8334,63.032064,11.703242,532.5
159.4697,63.032098,11.703237,532.5
186.6222,59.658147,6.985078999999999,658.9
106.5234,60.208303,10.239006,128.6
154.5392,60.440008999999996,5.8607059999999995,237.1
249.55,58.996124,7.546861,212.5
77.161,60.974957999999994,6.062494999999999,624.9
266.3612,59.187073,8.039686999999999,809.3
51.3763,59.663476,6.065529,74.5
367.4281,60.738618,5.806826999999999,45.8
315.9293,58.406048999999996,8.636194999999999,35.4
164.8,60.464282999999995,5.915178,488.4
586.8782,59.948092,9.933664,87.0
169.2036,60.830769,5.881864,31.1
96.3947,60.255341,5.740831,312.6
946.4488,59.636706000000004,11.154442999999999,88.3
72.3008,58.478972999999996,6.030994000000001,22.8
66.8794,61.065633999999996,12.581802,314.5
301.918,64.543207,12.454644,67.4
214.1837,64.610022,12.578041,106.8
85.0332,64.67747299999999,12.677895,107.7
813.1179,64.703361,12.836591,158.7
145.7569,64.695063,13.641729999999999,503.3
110.5432,64.652493,13.786226000000001,548.3
88.7347,64.886275,13.562079,426.5
549.0638,65.20919599999999,12.796868,152.3
256.4047,65.80354399999999,12.72901,8.1
901.0,65.88709200000001,13.800660999999998,368.4
71.9561,66.053038,13.336591,117.9
2001.0,66.052027,13.774633999999999,255.7
231.9844,66.310342,13.563553,30.2
136.9323,66.06270699999999,13.997822,63.4
306.3885,66.336842,14.166998999999999,31.6
57.0834,66.375658,13.657310999999998,593.8
62.7,66.645942,13.560479,8.4
2466.146,66.724624,13.941961,627.6
561.6896,66.97119599999999,14.157404999999999,109.0
48.2444,66.951346,14.2253,335.3
76.6596,67.129685,14.955135999999998,2.0
293.4287,67.19866999999999,15.724273,119.4
916.3383,67.323103,15.722385999999998,289.5
155.7169,67.082708,16.055170999999998,474.3
247.7921,67.116045,16.067266,282.6
362.6552,67.12091099999999,16.120824,405.1
52.2477,67.355703,14.8518,10.9
749.7406,67.62162099999999,16.007076,506.9
52.4531,67.904601,15.860028,29.4
80.5786,67.807909,16.115713,399.8
86.4294,67.824218,15.993795,76.4
304.2485,68.06065600000001,16.668725,323.6
1191.127,68.20108499999999,17.36584,253.1
69.564,68.536733,17.028622,8.9
41.367,68.403304,17.421529999999997,60.0
246.4577,68.397625,17.799681,490.5
101.2108,68.475637,17.626088,5.9
110.9623,67.451702,15.742424,348.9
500.3513,68.657726,18.821514,330.7
704.3871,68.740897,18.653453,186.9
221.3252,69.043788,18.589681,55.0
124.5671,68.87546999999999,19.559838,171.6
340.4763,69.312883,20.34206,332.7
339.9556,69.45675899999999,20.909812,487.8
74.1132,69.68426099999999,22.154025,435.0
762.3478,69.718538,23.807803,334.5
58.4095,70.401409,23.627291,73.5
197.9466,69.71935400000001,22.057419,36.8
288.593,69.372939,29.694000000000003,41.9
141.1115,69.399366,29.787269000000002,28.8
215.0,70.409576,26.701874,105.0
55.9969,62.673965,11.454044999999999,688.3
179.4176,59.929421,9.946417,41.6
35.0032,59.931022999999996,9.945466,34.7
162.01,61.841526,5.802617,52.4
428.218,60.44,6.412634,680.0
1449.726,61.297126,7.8499490000000005,1085.9
451.0685,61.4371,7.234789999999999,293.3
2183.8,66.294966,14.270422,361.7
103.1584,59.885624,9.909036,18.4
90.9324,62.149826000000004,7.43549,689.2
347.07,59.04381600000001,6.646542999999999,763.9
94.8466,66.796875,14.000939,4.8
1051.4589999999998,59.625305000000004,7.853282000000001,644.1
63.0559,60.978203,6.5160919999999996,867.4
203.688,60.238241,9.00084,275.5
282.345,59.736731000000006,7.4345550000000005,816.7
148.4809,60.909193,11.525803999999999,189.4
2327.743,59.445572,8.040303,217.0
135.3363,59.496878,7.829058,553.2
305.7,59.46516,7.932223,299.2
58.0463,60.203109999999995,10.342111000000001,94.7
67.9952,58.767745999999995,8.481447,151.4
736.8313,59.885372,8.673893,313.3
582.7993,58.881372,6.817814,652.4
303.92,61.937433999999996,7.8868529999999994,798.3
377.28,61.921769999999995,8.090527999999999,539.3
193.0192,63.986371,11.094741,138.8
54.0,59.51795799999999,8.671041,467.8
54.0,59.159053,6.612866,775.8
712.3,59.844023,5.994117,295.4
55.0,61.840737,6.638780000000001,232.8
61.5,61.733638,6.508575,139.0
141.5,58.26146,7.971019,38.6
381.017,59.639931999999995,6.379562,250.2
1029.568,59.639931999999995,6.379562,250.2
138.4,63.372365,10.404036999999999,76.4
247.0,61.511812,6.60963,728.7
92.0,59.00283100000001,6.081568,152.1
84.0,61.310276,7.832644999999999,101.1
69.0,59.350378000000006,7.295355000000001,557.7
342.0,61.23865,6.1593599999999995,440.3
58.0463,60.20244,10.341292,96.3
65.0,66.057335,14.243865,618.4
47.4,61.736211,8.936282,948.6
335.0,59.90081899999999,9.927742,27.8
163.1,60.706522,11.792213,163.4
135.3,59.474663,10.003857,44.2
81.0,60.849199,6.722972,215.4
501.2,58.391757999999996,7.894413,181.8
2001.0,66.052217,13.772272000000001,276.7
771.4,61.811048,11.111031,471.9
31.11,58.348147,6.964907000000001,55.2
58.0,66.923648,14.393595999999999,455.7
583.0,60.029155,11.319597,126.1
40.5,65.28981,13.041161,213.3
57.0,60.115821999999994,6.625288,826.4
139.2271,58.951489,8.518410000000001,194.7
192.0,61.86079300000001,9.408787,423.7
75.0,64.279771,12.617346000000001,226.3
1500.0,59.065338,6.632272,649.4
81.22,59.786683999999994,9.898589999999999,3.2
302.6558,59.128898,6.892177,923.1
1335.075,59.479142,6.692334,1041.9
67.6761,60.191554000000004,6.389273,978.7
44.7426,61.00358000000001,8.068592,1161.9
107.4864,61.56590500000001,7.866189,1086.8
31.112,64.046234,11.082015,281.1
170.1262,60.798131000000005,7.571407000000001,1147.6
106.7417,63.394119999999994,11.913236,454.5
81.5556,60.892782999999994,6.065016,649.4
9.0683,58.524009,5.835996,11.3
16.3847,58.406025,6.101414,9.8
8.7591,58.418928,6.109621,75.0
11.2323,58.828633999999994,5.832796,32.0
34.1092,58.828058999999996,6.055009,44.1
20.0945,58.85199300000001,6.123136,4.6
17.459,59.022811,6.070447,98.1
6.221,58.254535,6.792103999999999,12.0
35.2738,58.281282,6.815432,26.0
30.073,58.222591,7.335344,43.4
19.8,58.465031999999994,6.544323,80.0
16.024,58.662372999999995,6.6178669999999995,356.3
20.4983,58.716308,6.632331,445.2
10.777999999999999,68.44041,17.469644,205.3
6.6336,58.752981999999996,7.857013,255.0
62.1474,58.94593100000001,8.482192,179.7
39.8542,58.982861,8.533434,234.6
11.3568,59.00784300000001,8.551741,246.8
28.296,58.895751000000004,9.337292999999999,14.3
13.1445,58.90171899999999,9.337977,26.0
13.6703,58.924804,9.333019,33.9
32.283,58.96678000000001,9.313175,43.6
11.9877,58.884595999999995,9.347581,6.2
12.9342,59.052673,10.018279,5.7
5.1524,59.06415500000001,5.913017,2.7
9.947000000000001,59.890018000000005,5.517792,4.6
20.1334,59.827389000000004,5.795448,23.8
19.3727,59.874725,6.074132,631.2
22.3553,60.27463100000001,6.039434,20.2
16.432000000000002,59.46530500000001,6.319367,45.7
5.3323,59.871267,7.007766,1242.2
19.8,60.283708,6.297254,80.8
29.5336,60.364247,6.1502550000000005,10.8
23.2395,59.148941,8.772761000000001,189.6
47.684,59.28129499999999,9.252866000000001,22.7
44.016000000000005,59.281502,9.253044000000001,21.4
7.6763,59.674307999999996,8.558894,755.5
28.2869,59.715441000000006,8.699349,746.2
9.0434,59.8461,9.294561,583.0
17.0,59.20564399999999,9.609150999999999,4.1
13.3096,59.294939,9.560249,64.5
45.06399999999999,59.321348,9.657249,124.7
13.5579,59.362264,9.663048,266.8
21.2744,59.242816000000005,9.811942,36.0
25.0,59.667538,9.652135000000001,146.6
11.0414,59.733039,9.872011,4.2
21.5888,59.43871600000001,10.668395,6.1
27.8664,60.053334,9.54561,119.0
16.5095,59.91378100000001,9.885792,34.4
23.4498,59.996669,10.749974,155.8
37.1201,60.202558999999994,10.249582,120.5
3.4701,60.221484,10.369892,124.4
23.7652,60.22209399999999,10.368595,123.5
15.2476,60.227748,10.376135000000001,130.9
13.8805,60.420730000000006,10.384411,138.8
18.9712,60.428801,5.623467,3.8
7.5884,60.46074300000001,5.4375160000000005,11.5
14.254000000000001,60.617731000000006,5.586937,3.2
12.264000000000001,60.61350600000001,5.604592,79.3
17.9458,60.426945999999994,5.830623,182.8
13.9464,60.47630600000001,5.738424,5.7
14.0489,60.476156,5.777838,184.3
43.9929,60.512159999999994,5.725404,2.7
14.0489,60.900223,5.617948,65.8
40.3723,61.15450799999999,5.350066,19.9
26.7,61.160205000000005,5.478088,128.1
49.0088,61.204232,5.811211,8.3
11.6538,61.427966000000005,5.169401000000001,3.3
11.7579,61.421609,5.2334510000000005,108.1
20.2215,61.44609200000001,5.335162,45.6
9.3647,61.462956000000005,5.322116,1.5
31.3197,61.675014000000004,5.783222,130.1
31.5798,60.632487,6.431704,54.8
6.6655,60.569184,6.914784,13.6
25.0766,60.746899,7.134759,676.3
29.6549,60.831726,7.118358,43.8
29.4468,60.804002000000004,7.35285,1214.0
21.6429,61.750060999999995,6.276408,57.4
11.3568,60.887457999999995,8.460594,663.7
19.9781,61.16328299999999,7.750692,986.1
16.2992,61.176741,8.390972999999999,472.0
7.6998,61.651647,7.7497929999999995,1033.3
7.0453,60.667444999999994,10.601301,356.0
11.4619,60.800746999999994,10.112017999999999,153.4
12.8289,60.782651,10.647651,197.2
10.9361,60.790333,10.678291999999999,168.3
5.1525,60.883093,10.645797,170.5
31.2314,61.240405,10.058534,343.7
5.1525,61.271742,10.132686999999999,328.7
15.8785,61.114006,10.671124,524.3
9.9898,61.124573999999996,10.695165,699.7
26.8148,61.532876,10.141178,202.9
6.7634,61.999026,5.458976,17.2
25.0363,62.063219,5.926705999999999,24.9
41.76,62.166185999999996,5.568516000000001,3.9
10.1611,62.256071,5.583927,9.0
5.4471,62.364988000000004,5.846615,114.7
50.2573,61.756728,6.245741000000001,15.6
16.1322,62.03365,6.395565,71.4
14.4072,62.048643999999996,6.393757,27.8
17.1797,62.140353000000005,6.249861,88.9
27.76,62.134142000000004,6.299359,197.7
17.9816,61.846025,8.96078,376.7
65.5766,62.34751800000001,8.050175,163.9
24.0,62.805201000000004,7.700295,19.4
6.66,62.840821999999996,7.701925,224.0
13.5133,62.833476,8.300592,25.7
16.6559,62.804584999999996,8.502891,96.6
4.9233,62.891387,8.083062,8.0
19.2096,63.121025,8.568069,8.0
42.6934,62.231331000000004,10.342027,742.6
26.070999999999998,63.111582999999996,10.601726,489.2
36.4892,59.148451,11.556397,83.3
5.5544,59.438701,11.225482000000001,41.9
5.5544,59.435697,11.241683,47.4
5.3448,59.43314399999999,11.279994,60.6
9.7464,59.4806,11.65264,112.8
6.3093,60.320994999999996,11.260019999999999,128.6
11.5672,60.286995,11.194128,150.0
11.6723,60.826503,11.610549,167.7
2.2082,61.195979,11.54901,297.4
8.2021,61.201663,11.506418,246.3
8.5176,61.665298,12.018904,481.5
20.4002,62.507535,11.263389,607.6
10.3471,63.195268999999996,8.930589,18.9
22.419,63.293668000000004,9.728589,85.9
7.2792,63.268184,10.458287,110.5
23.253,63.372868999999994,10.407425,40.9
18.4002,63.381842000000006,10.396675,14.4
26.781,63.14048100000001,10.968042,358.1
4.0577,63.651006,9.904295,37.8
13.6949,63.848701,9.890697,8.2
7.4053,64.241997,10.390436,22.9
5.5021,63.71603199999999,11.352587,55.9
15.4059,64.830095,11.933663000000001,23.7
11.0042,64.801645,11.862156,3.6
9.8038,64.843237,11.971394,95.8
24.7096,64.838852,11.95325,50.0
7.903,63.72116,11.450426,74.4
17.4941,62.35265,6.559334,58.0
5.7835,59.522939,11.245471,31.8
13.4144,60.650263,8.612254,374.6
7.7096,64.227295,10.406153,123.3
5.22,62.133171999999995,7.559238000000001,1349.3
21.4342,59.223845,6.219298,29.3
34.8,64.038102,11.552455,12.5
7.1027,64.46592,10.946658,20.7
11.5044,64.42932900000001,10.959254,64.9
31.9675,59.353813,8.079771000000001,389.6
38.8115,61.579620999999996,6.502653,306.2
11.6265,62.943628000000004,11.107214,271.5
8.4125,61.371818999999995,11.104128999999999,406.3
21.1,60.351842000000005,6.757931,158.0
33.4396,59.367561,7.892581,739.5
13.4051,64.078152,11.632431,20.1
12.6187,59.126284999999996,11.41814,10.2
44.3,59.323002,9.53647,145.2
7.1783,60.417636,7.190417999999999,172.5
3.2364,62.39862900000001,6.8005119999999994,199.6
16.4076,59.866907,6.087542,440.0
55.4174,60.72071700000001,9.713376,186.0
15.815999999999999,60.995104000000005,5.722891000000001,599.5
24.6174,62.788628,8.232292999999999,4.3
44.1018,62.357548,6.894803,14.7
13.1876,63.027127,11.700280000000001,531.0
5.8022,63.796845999999995,11.816394,43.0
3.9562,63.244057,10.16954,127.2
18.2971,61.842305,8.960191,524.7
9.3588,61.029947,9.049017,359.6
8.2037,60.832358,5.883056,25.9
24.528000000000002,59.97063000000001,6.0635449999999995,187.7
25.578000000000003,62.07329300000001,6.9127149999999995,63.5
5.7035,61.52044300000001,5.7955,176.6
21.566999999999997,59.729116000000005,6.627519,782.9
26.572,59.919097,6.187562000000001,750.8
6.287999999999999,60.943698,10.745986,227.1
25.055999999999997,62.24625699999999,6.890174000000001,227.3
24.5,59.507622,6.218006,7.8
37.999,58.358825,6.300171,80.2
44.0725,61.482112,7.440386,191.6
6.5,61.557977,6.336555000000001,262.4
6.0,59.949378,6.616217,350.9
6.9479,61.618866000000004,6.642294000000001,286.7
23.4362,61.609102,6.635325999999999,303.9
13.8805,60.033452000000004,12.371141999999999,133.2
36.4704,61.161372,12.445738,341.4
55.7217,64.556298,12.4777,66.3
30.1116,64.690137,13.215878,353.6
38.874,65.37518299999999,12.700826,5.6
31.713,66.300896,14.350960999999998,108.0
6.364,66.34960799999999,14.342784,16.6
12.3177,66.822241,13.980626,282.3
27.3042,66.875106,13.84261,68.9
29.7678,66.88729599999999,14.153085,425.3
20.6321,66.970862,14.146660999999998,2.7
9.5462,67.02391899999999,15.321610999999999,19.9
4.4138,67.939616,12.981575,1.8
6.4667,68.004201,13.161107999999999,22.1
9.61,67.466473,15.582679999999998,53.1
13.4,68.362655,14.930794,5.8
4.1059,68.365216,14.936124,15.2
5.4403,68.561862,15.362692000000001,32.6
8.1091,68.586646,15.514319,154.4
23.529,68.602589,15.47339,7.8
7.4932,68.610897,15.46858,42.7
15.1918,68.61157800000001,15.581760000000001,6.6
12.9335,68.037607,16.690698,526.5
6.2614,68.237491,16.747107,57.7
21.6586,68.327861,16.786002,84.3
9.6862,68.656705,17.210189,7.4
26.988000000000003,68.62524599999999,17.260847000000002,33.9
4.5164,68.92748900000001,15.776553,21.0
6.4573,68.737853,16.962374,5.3
12.6024,68.608998,16.493108,9.3
7.6031,68.743004,17.004117,6.8
14.8938,69.311689,17.166028,12.3
34.7871,69.433207,17.483038,2.0
29.8944,69.38703199999999,17.797773,47.0
22.1718,66.303985,14.187880999999999,157.5
8.5197,68.241911,14.479522,36.3
10.0594,67.939458,12.981879,7.0
6.364,68.326808,14.652225,5.5
28.644000000000002,66.074229,13.048048,4.9
28.1212,69.235588,20.523863000000002,585.7
19.722,69.600589,20.271241,60.1
27.9129,69.665984,21.10666,67.7
8.3322,69.809345,20.753318,23.8
20.6102,69.963365,18.907725,4.3
31.3499,69.659081,22.217644,613.2
11.7692,69.69160600000001,22.160803,315.7
17.8143,70.11798399999999,22.796744,5.4
11.0124,70.382998,23.702772,227.4
6.046,70.657935,23.714418,17.4
16.1948,69.916531,23.013535,3.2
11.2283,69.829488,25.167115,75.3
21.5931,70.01472199999999,29.115233,8.8
19.2604,70.59872,29.057885,150.0
16.0,69.762349,30.706360999999998,2.2
24.6161,70.773472,25.616455,4.8
9.0,58.722815000000004,6.064961,419.8
20.0312,60.16857099999999,6.671919,1033.3
21.5642,60.18165,6.6932279999999995,1112.1
5.2,61.484726,5.956326,88.0
14.2,61.423472,6.769832000000001,7.5
17.7,61.361534,5.5617849999999995,6.1
9.15,58.801176,6.2634419999999995,92.3
15.0,61.374426,5.261655,43.1
8.0,68.34620699999999,16.928123,18.2
6.6495,65.822425,13.259879000000002,20.4
5.9,61.74426999999999,6.278835,77.8
7.6,58.802028,6.274796,92.7
18.4788,62.340278000000005,6.531834,338.8
0.0,61.276639,7.157259,26.5
16.4,58.64092900000001,6.085791,96.2
17.629,61.694729,6.373533,65.6
13.572000000000001,62.182051,5.793378,31.1
9.243,59.499145,6.5749699999999995,149.4
12.6808,59.89513,9.911384,20.4
17.561,59.100929,7.538773,270.1
13.3,61.746998,6.58131,333.4
5.0,60.830718000000005,5.530037,75.8
39.93,68.174304,17.919127,661.0
22.5794,61.330876,5.413983,68.0
46.2784,58.629862,8.687982,129.9
35.8451,58.629922,8.688104,130.5
22.5648,70.751417,27.355040999999996,18.5
3.3,60.998858,9.927763,521.3
38.0,59.732555000000005,7.544277,577.6
27.6749,58.767697,8.481760000000001,149.3
12.2616,60.08339399999999,8.286923,1089.9
26.2,59.62480600000001,9.953291,22.5
12.0,61.267563,6.51317,14.9
7.3,61.420615000000005,6.109449,135.6
4.5,59.508458,6.5654770000000005,104.1
7.8,61.058567000000004,6.921619000000001,96.8
6.5,62.069652000000005,6.467722,91.9
6.6,66.221786,13.852160999999999,42.2
8.0,61.792345999999995,5.354404,232.8
4.8,63.600235,10.457559,9.5
6.5,58.652958999999996,7.604964,205.5
5.5,61.039976,6.619186,381.3
25.0,62.225602,7.143689,213.0
7.1,62.73852900000001,8.313842999999999,305.9
21.4,62.754863,8.315464,117.0
5.0,62.685993,8.416822999999999,43.0
25.0,60.790566000000005,5.418864,363.4
5.0,59.158365,6.2111019999999995,16.7
5.9,61.782019999999996,6.109528,30.9
6.0,60.467788,8.220798,806.1
16.0,62.04870699999999,6.332186,53.7
13.5,67.31378000000001,15.676101000000001,7.4
5.7,58.329868000000005,6.955235000000001,30.8
43.3466,60.976254000000004,5.280915,5.1
15.0,61.121005000000004,7.330941,6.1
13.3,58.542325,6.734959,185.4
8.0,62.117934999999996,6.027581,34.9
15.9,62.869929000000006,8.622095,9.3
4.8,61.80174,6.508781,100.2
38.0,58.600173999999996,7.673136,192.6
11.5,59.823114000000004,5.987584,7.7
26.1,62.262533999999995,6.500401,11.6
6.0,62.040751,6.422209,113.8
4.6,58.581396,6.695048,54.3
5.2,59.353511,8.304674,263.1
17.4,61.5096,6.287082,234.1
11.28,61.664138,5.912952,220.8
20.44,60.10165,6.913308,1200.0
4.5,58.863815,7.818622,294.5
36.0,59.562936,5.871519999999999,48.8
6.0,58.83681800000001,6.171611,10.5
12.0,59.473942,6.4733339999999995,80.8
6.8,61.920761999999996,7.1830940000000005,74.4
4.3,60.037367,9.146297,255.0
3.9,62.13979200000001,7.439703999999999,916.2
8.2,62.139844,7.4397660000000005,915.2
9.5,67.07390500000001,14.572181,8.0
22.9,60.37484,5.758230999999999,7.4
4.2,58.538755,7.029647,387.4
18.01,61.72511899999999,5.840273000000001,51.2
12.0,60.414313,6.25049,14.2
5.0,59.161687,8.730756,435.4
5.0,59.16168100000001,8.73069,435.6
18.0,62.264103000000006,6.860074000000001,208.1
13.3,59.481640000000006,6.510846,82.2
20.0,62.114402,6.540055000000001,86.9
15.0,62.282863,6.884734,116.1
5.65,60.129321,6.322653,22.1
9.7,60.138886,6.239804,177.3
8.8,60.126435,6.168049,14.3
22.0,60.433067,8.734342,740.6
4.0,70.249593,21.790286,4.5
14.5,61.82909300000001,5.78213,391.2
27.0,61.821713,5.799066000000001,394.5
6.1,60.463876,5.7406120000000005,4.0
14.0,58.60925400000001,6.895575,305.1
21.9,58.542995999999995,6.709784,54.9
12.3,63.03244599999999,8.836884,295.4
7.0,58.976904000000005,6.24297,204.8
6.8,60.39036899999999,9.612392999999999,198.2
5.0,62.961013,9.794758,199.8
5.0,62.83248199999999,9.894929,254.4
19.0,61.683839,6.5209790000000005,170.4
6.3,61.530758999999996,5.459469,29.1
9.0,61.488896,5.705878,5.3
11.4,61.696470999999995,6.522456,143.2
5.1,61.410405000000004,6.092326,338.7
3.0,58.296325,7.349839,91.6
6.5,59.48964399999999,6.439558,119.7
4.0,61.610839,7.296882000000001,193.8
5.4,62.063263,6.2963949999999995,5.2
5.0,69.01551500000001,17.921611,196.1
7.6,59.788287,6.178044,1.8
17.0,60.470356,9.228537,168.2
9.0,62.2289,6.289395,150.8
7.0,60.501987,9.13715,548.3
7.6,60.584633,6.612291,231.0
17.1,59.791456000000004,6.767097,391.6
17.4,60.17154,6.1089970000000005,8.2
19.7,60.384801,6.499802,6.8
5.5,60.462346,5.750458999999999,212.4
44.0,66.944213,14.122051,63.6
26.8,62.212376,6.567568,26.2
20.8,60.664311,8.680959,455.6
26.0,58.662011,8.062453999999999,211.2
16.6,63.446036,9.362722999999999,7.6
8.5,58.322189,6.538469,55.8
7.6,62.6389,11.39671,626.3
6.0,66.624658,13.410058,11.0
12.0,61.599953,7.292476,196.5
10.0,60.827475,9.518792999999999,249.1
35.7,61.999556999999996,5.854638,31.9
8.0,62.694766,9.941145,469.2
9.7,66.934526,13.775967000000001,51.3
16.2,61.752933999999996,6.220785,166.9
8.0,58.641346,8.904489,11.0
24.4,61.834041000000006,5.974903,20.2
15.0,59.793493999999995,6.094221,35.1
8.0,62.930266,12.151988000000001,846.4
7.1,62.66979499999999,8.374669,72.6
8.0,62.771353000000005,8.000995,23.8
6.7,61.406738,11.362926,261.1
11.0,61.671448999999996,6.4244639999999995,252.1
4.5,60.265080000000005,8.931374,401.6
17.1,62.633768999999994,8.299116999999999,191.5
5.1,60.653285,8.776652,466.3
15.5,60.263113,8.976154,304.5
9.0,59.503609999999995,6.535368,84.0
10.0,60.294346,5.923722,88.7
9.0,59.906073,6.4974739999999995,378.6
7.8,61.86949499999999,6.531825,203.8
21.0,60.280322,6.289924,68.7
9.0,65.803165,12.729619,22.6
14.1,68.37703499999999,17.123367000000002,50.8
5.7,58.2345,7.2939039999999995,182.0
17.6,61.447033,7.460703,25.0
16.0,62.802748,11.369936000000001,467.7
4.9,60.44185699999999,9.465977,163.0
4.4,64.867137,12.885107000000001,240.0
4.6,63.05559399999999,9.177448,96.4
8.0,63.41285,10.944374,73.3
4.0,58.159749,7.365916,35.7
10.0,64.641974,13.693304999999999,316.0
10.3,61.198239,7.2241990000000005,150.1
7.3,61.675810999999996,6.40325,67.5
19.0,60.678332999999995,10.352727999999999,137.6
11.0,59.739328,6.518956,531.7
7.3,66.44165100000001,14.259,52.2
10.2,64.273359,12.547991,86.5
5.73,62.202920999999996,6.2538089999999995,126.8
18.0,61.671548,6.379287000000001,71.7
4.35,59.374836,6.44944,138.8
16.0,58.32591899999999,6.3516330000000005,2.9
5.8,62.953051,8.133037,23.0
8.4,61.483854,5.632228,6.7
17.05,66.417748,14.522988,107.5
13.0,60.983575,5.698889,598.4
19.0,60.636182999999996,5.963796,20.2
11.4,61.511390000000006,6.267018,218.7
7.3,64.499178,10.912808,3.1
10.0,59.565626,9.26308,21.4
5.5,58.85675,8.340047,217.7
3.9,58.881997999999996,8.246006,237.6
5.7,62.060804000000005,6.212234,91.1
4.4,61.569373,5.778103,62.5
7.5,61.61830500000001,8.977755,846.6
3.5,60.77829200000001,5.947597,303.3
4.91,62.274836,6.158416000000001,160.8
4.5,62.497592000000004,7.597803,174.7
3.5,60.12430500000001,10.364395,105.8
8.2,63.192274,9.757321000000001,39.1
4.5,62.82549100000001,7.705525,177.3
9.8,61.219789,10.197746,244.8
6.4,60.764629000000006,5.385733999999999,26.5
5.8,60.507096999999995,7.987644,991.4
4.9,63.94888100000001,10.995817,33.5
18.2,59.478232999999996,5.990793,51.5
9.0,60.641957,6.32492,194.6
8.35,58.359811,7.044606,154.9
4.0,63.01849,9.364756,257.4
12.4,64.266277,12.294282,33.0
25.7,62.827031999999996,8.701812,5.4
16.0,60.312199,5.6694510000000005,25.9
15.8,63.092293000000005,9.222992999999999,151.4
22.4,61.149409,6.074121,7.4
9.3,60.128273,6.233356,10.3
3.8,58.541892000000004,7.424548,239.3
7.8,66.803557,13.763357000000001,6.9
7.0,68.20777199999999,17.366152,5.2
9.5,63.673365000000004,10.630911,4.0
9.6,61.281879,6.4977730000000005,36.5
7.2,61.52312,6.424173000000001,475.2
12.1,62.284418,6.67713,119.4
4.9,63.03119399999999,9.697494,170.7
7.0,60.191992000000006,5.760381,22.0
8.0,59.913878000000004,6.015132,133.0
4.0,61.862941000000006,6.098853,112.0
16.5,64.52275300000001,12.426383999999999,31.8
14.0,61.35966,5.667462,6.5
12.8,59.639354000000004,6.298697,24.7
14.3,59.499255000000005,6.007593,134.1
15.5,61.383113,11.142157000000001,266.4
8.5,58.782885,6.092441,273.9
5.5,61.10667900000001,6.128762,20.9
6.6,59.453528000000006,6.357874,60.4
7.88,59.939179,6.007823,140.0
5.0,59.762983999999996,6.067266,6.3
6.0,58.921595999999994,6.1785,119.8
17.2,62.089209999999994,6.853629,63.7
8.4,60.406627,7.376671000000001,927.5
18.0,61.244243999999995,7.656209,34.8
6.9,63.951327,11.65664,120.8
5.3,62.98499399999999,9.770796,177.6
4.5,68.074694,16.391316,4.1
12.8,59.146936,7.541036999999999,303.7
10.5,61.487221999999996,6.120527,237.3
6.1,63.16161700000001,8.677545,64.1
4.28,59.94648000000001,5.961608999999999,9.7
8.11,61.751705,5.951293,5.8
4.9,62.072914000000004,6.799724,209.5
21.1,62.072866000000005,6.799832,209.0
13.6,62.447204000000006,7.490275,102.1
9.5,67.16109300000001,15.405710999999998,5.2
16.0,65.235725,12.657183999999999,39.2
6.0,62.03561800000001,5.886686,16.4
8.25,60.251962,8.83648,483.5
15.0,66.127891,13.572895,5.9
10.0,62.420701,6.946711,4.8
6.1,66.228364,13.966382000000001,186.0
12.0,61.520419999999994,6.340126000000001,218.0
17.6,61.620954000000005,6.442591,64.3
7.0,61.499776000000004,5.9757620000000005,121.1
5.75,66.42541999999999,13.975207000000001,77.5
5.08,60.221633,5.97853,29.5
3.49,60.47897,9.249551,207.7
4.5,61.861654,6.223682,52.2
5.0,59.59044300000001,5.601465,70.1
4.5,59.762315,8.776729,537.7
11.4,60.164823,6.284669,9.3
4.3,58.47034300000001,7.755458,195.9
4.7,60.529782999999995,7.8069,1001.0
4.3,62.482218,7.1626199999999995,64.8
18.6,62.679671,8.137279,16.6
20.5,62.675889,8.157595,158.5
3.6,61.534606999999994,6.235158,222.1
10.8,68.884472,18.420258999999998,84.0
6.7,67.110578,15.462681,11.3
9.85,68.656356,18.784469,324.6
5.5,69.235952,19.835979000000002,75.2
13.2,69.38069399999999,19.644744,51.1
16.1,69.515225,19.25669,30.5
24.0,59.708006999999995,6.857516,757.5
16.5,62.217118000000006,6.909778,322.6
17.0,62.13825799999999,6.611989,18.5
6.0,62.137521,6.650369,265.8
9.8,59.493239,6.126576999999999,41.2
7.2,61.115428,6.466384,12.9
22.4,65.786879,12.87525,199.6
5.47,63.108904,8.559147,193.1
10.0,66.14801800000001,13.850365,6.4
17.1,62.261444999999995,6.416663,23.8
6.0,62.254964,6.383926,284.6
7.8,58.512624,6.524099,81.4
6.7,69.355405,20.093483,8.2
9.5,61.593455000000006,5.4431959999999995,14.2
6.2,61.164457999999996,5.533241,250.4
4.0,62.614782,7.044391,23.7
17.8,61.239979000000005,6.247422,751.1
7.5,61.692238,9.694453,444.4
10.5,60.62985,12.030383,153.9
8.4,61.78136,10.837233,360.0
8.8,59.40732,9.503778,331.7
3.3,61.06918100000001,10.023725,538.7
5.5,65.375479,12.753035,287.2
3.5,60.376236,9.635235,170.9
5.9,59.363664,5.655345,4.4
8.4,65.94183000000001,13.06442,3.6
24.0,61.01993,8.127023,1140.0
30.5,63.112002000000004,11.257235000000001,216.6
12.0,63.049641,11.486912,295.9
12.0,68.18390600000001,17.306387,17.0
4.26,61.920706,5.797871,7.6
5.0,59.61778100000001,8.430062,452.9
4.2,59.203152,8.509025999999999,263.5
3.5,59.73011999999999,7.514655,597.7
11.0,66.40671999999999,14.503245000000001,52.6
15.2476,60.227764,10.375241,130.5
13.8,62.668789000000004,7.532344999999999,15.0
8.0,61.333327000000004,9.748778,645.4
19.0,58.57946,7.967914,342.3
18.3,68.66285400000001,17.697001999999998,21.3
11.3,62.112823,7.387786999999999,925.1
30.0,67.119331,15.495842999999999,119.9
4.5,59.340936,8.085801,348.7
21.5,59.126199,6.270215,85.8
7.1,60.553377000000005,9.183276,315.6
6.5,59.882941,10.241988000000001,60.6
24.8,60.504022,6.633338,99.3
33.0,66.05019899999999,13.117360000000001,88.6
14.0,68.730314,17.470616,11.3
18.2,60.717128,6.120649,99.7
5.1,59.24168,7.539549000000001,393.0
14.1,62.723486,8.114792,56.2
7.9,60.588828,9.172901,429.4
6.06,59.709899,5.859765,12.6
35.0,67.950665,15.654038,5.4
5.3,61.551138,6.350396,214.6
23.0,60.239467000000005,6.201726,41.4
23.5,66.968249,14.431184,195.6
4.9,58.515351,6.5368379999999995,197.5
4.25,58.515389,6.53685,197.5
6.5,60.84060699999999,9.018203,816.6
9.7,70.026561,22.099498999999998,17.7
8.8,58.506117,7.034393,266.2
11.0,61.023587,7.6695139999999995,204.8
6.3,61.32196999999999,5.495185,171.1
5.7,69.54374399999999,18.426351,22.6
18.6,61.387342000000004,5.61457,120.6
10.9,60.608276000000004,6.344046,63.5
7.65,61.947485,5.891382,181.9
9.8,59.126242000000005,6.270144999999999,85.6
10.0,61.34053299999999,10.341422,689.0
8.64,63.017618000000006,8.527644,39.4
8.8,61.382555,5.653961,18.2
18.5,66.81134300000001,14.644825,142.0
4.34,69.59951,19.958420999999998,7.9
16.1,60.636371999999994,6.172511,36.9
19.3,66.112053,13.53764,9.1
9.1,66.044477,14.063695000000001,139.2
14.4,66.044449,14.063713,139.0
4.89,59.90981,6.0294300000000005,319.5
7.6,59.194213,8.226579,523.8
14.2,61.909997,6.698564999999999,85.3
6.6,61.862136,11.122096,274.5
16.0,63.87153299999999,10.796528,12.1
6.2,59.807051,5.9820839999999995,8.2
8.9,61.92416899999999,9.340514,453.0
12.9,60.294239000000005,5.9239370000000005,88.7
9.8,63.347930000000005,9.281183,23.8
3.5,60.199470999999996,5.782252,19.8
4.0,60.441639,9.373697,453.1
4.7,62.128574,5.697751,19.8
12.3,69.596644,19.903016,6.1
17.3,63.199304000000005,9.006507000000001,48.9
6.29,59.540831999999995,7.3332809999999995,762.2
12.8,66.03757399999999,13.854985000000001,124.5
7.7,59.91403199999999,6.5285720000000005,420.3
8.3,68.353866,17.623268,60.4
5.5,62.18581999999999,8.495056,627.8
16.8,59.806020999999994,6.7717160000000005,387.7
4.65,59.63440500000001,5.78242,4.6
14.5,62.674848,8.430747,208.9
11.6,69.299368,19.985893,17.2
5.0,60.382486,6.170474,96.0
8.0,59.989813,8.700788000000001,283.6
20.5,67.123345,16.193651000000003,710.4
10.5,59.160987,6.223733,113.0
13.8,61.042348,7.767102,360.1
8.7,66.127928,13.613610000000001,172.6
12.0,66.79679499999999,14.000748999999999,5.2
16.7,62.55641899999999,7.161747999999999,52.2
9.44,60.206675,6.5623830000000005,14.8
6.3,61.839773,6.007808,15.3
16.4,59.794126,6.093596,40.5
12.9,61.434681999999995,5.355341,170.5
3.5,61.434635,5.355106,171.3
6.8,60.616102000000005,8.534165,451.1
7.1,60.418986,10.050182000000001,171.2
7.6,66.384845,13.991172,65.2
4.95,60.98686899999999,9.22719,361.8
7.0,60.976724,9.295138,469.2
15.7,62.116303,10.559258999999999,502.3
14.5,62.122896999999995,5.937554,25.9
13.1,61.417,7.257286,28.7
7.0,70.360455,26.891962,210.5
8.7,59.520334999999996,6.1919699999999995,254.2
12.4,58.565785999999996,8.225532000000001,152.0
4.25,60.871615000000006,9.454541,442.3
32.5,60.174716000000004,6.546339,44.3
12.5,59.929770999999995,8.748934,254.4
13.0,59.659779,9.213667,131.0
6.0,64.818413,13.628673000000001,458.1
22.9,61.863325,6.321515,13.4
5.5,59.393861,5.929941,8.0
13.8,59.83380699999999,6.9935,1030.2
6.0,69.835018,19.007529,5.4
5.3,63.256112,9.836418,36.2
15.1,61.277083,8.0182,1076.0
27.0,65.327052,12.918319,22.4
6.7,62.24194,6.904542999999999,242.7
8.6,67.96292199999999,15.976403,45.5
15.5,59.400865,9.550383,286.5
7.1,62.079331999999994,9.028654,525.1
27.0,61.41976700000001,6.158175,142.3
7.64,62.04192,5.7011389999999995,84.3
20.3,60.646363,6.10383,22.4
18.5,59.921765,5.90434,53.8
7.2,61.704575,6.626983,326.4
9.0,61.699833999999996,6.618192,324.5
19.0,60.869994999999996,6.724411999999999,421.3
24.8,65.333721,12.946032,7.2
10.8,60.262074,6.624444,4.5
5.5,65.965345,13.766672,252.4
7.1,68.9709,17.776569,85.9
11.0,61.63953299999999,5.0980099999999995,4.3
12.7,64.254483,12.545905,102.2
15.0,59.065743999999995,7.581129,260.3
17.25,59.39473100000001,6.216533,47.7
17.0,60.101659999999995,6.552241,78.1
9.6,61.311227,5.517247,249.6
12.1,61.384128000000004,6.737622999999999,4.6
23.94,61.285945999999996,6.684627000000001,9.2
22.0,61.331688,6.71378,8.6
25.0,61.370996999999996,11.098058,475.1
20.8,61.33410799999999,6.687803,13.1
15.6,60.649556999999994,6.007385,31.6
22.3,61.376474,6.750469,2.6
14.4,61.376391000000005,6.750506,2.6
13.5,63.05775500000001,11.43934,273.2
11.9,69.95004399999999,23.06281,34.2
16.0,65.329941,12.971645,13.6
9.9,60.417901,9.375481,182.4
12.0,60.205746999999995,6.603428,31.4
7.4,61.561843999999994,6.403492,229.0
10.1,60.260096999999995,5.8658269999999995,57.9
6.4,60.246177,6.563194,46.3
28.0,61.834182,5.664841,13.3
20.0,61.524871999999995,6.35634,224.1
9.5,61.752008,6.585757000000001,395.7
6.8,60.798951,5.319237,5.0
15.0,60.280319999999996,6.264236,15.3
18.2,64.465473,14.032760000000001,320.0
12.6,61.563993,5.572292,75.5
26.7,60.603565,6.362556,66.1
11.0,62.558779,7.8428949999999995,63.0
6.5,66.317068,14.140187,6.0
29.0,61.46122,7.03845,175.2
21.3,65.184825,12.798047,59.4
10.3,62.070161,5.830044,130.2
10.0,62.720174,7.770033,4.2
23.0,65.323082,12.995377000000001,41.3
21.0,62.450298,6.8959470000000005,14.7
12.9342,59.052308999999994,10.018394,4.2
