,id,gwh_per_mm3,latitude,longitude,type,rainfall,avg daily temp,min daily temp,max daily temp,sea level pressure,global radiation
0,H1,3.5,46.0731,7.4034,HDAM,4.397808307817537,0.2245205550518346,-2.7525204941732424,3.1133424022834597,1018.8353557429901,164.84931506849315
1,H102,0.4786885245901639,40.3305,22.1253,HDAM,1.1567123506167163,14.191177714075128,8.58816417896074,19.539150260245965,1016.1372729157748,185.05753424657533
2,H1020,2.811059907834101,44.449583,24.312917,HDAM,1.5232876970343394,12.840273722883774,7.025177943257436,18.71139682383366,1016.7917950355843,168.586301369863
3,H1021,2.3927765237020315,45.074583,24.364583,HDAM,1.9298630570712154,12.494355891563304,6.656629981013806,18.3916160238524,1016.9301511999679,160.23287671232876
4,H1022,5.020080321285142,44.857917,24.24625,HDAM,1.6758904367277068,12.657150421056846,6.830273815407737,18.54988998972798,1016.9046721157962,163.76164383561644
5,H1023,0.24,44.774583,24.27125,HDAM,1.6284931783806789,12.647616158374776,6.843177947391794,18.52131464349693,1016.879741010274,165.16712328767125
6,H103,7.513346557098331,42.198002,23.862,HPHS,1.9463014034375752,7.976958736511943,2.9835067775151503,12.94915036683111,1017.0435739177547,169.56438356164384
7,H65,1.7079264138087669,47.275002,12.755999999999998,HPHS,3.2112329309933805,4.475972504505556,-0.1113972563500682,9.3152874417603,1019.4854935319456,143.85753424657534
8,H1035,2.010050251256281,44.920417,24.250417,HDAM,1.7375342811623664,12.623616159656276,6.796629982951978,18.534629714101143,1016.9233003799229,162.186301369863
9,H1036,9.553571428571429,45.17875,24.369583,HDAM,1.9367123711599064,12.08783534725439,6.265260148737324,17.974218775148262,1016.9520671687714,158.4082191780822
10,H1045,3.0,46.2695803,9.8720987,HPHS,2.234520577241297,5.757287530519374,1.400356148045561,11.124684675987044,1018.3633029885488,157.0246575342466
11,H1048,0.2868686868686869,63.82958299999999,15.642083,HDAM,1.7504109839870505,2.8143012865765455,-0.991479409399302,6.773260111642415,1008.5967261745506,91.76164383561644
12,H105,1.8,44.96118,5.68874,HDAM,1.981369901846533,10.998218945873111,5.079862883442069,16.823259852561232,1018.6183705787137,170.2164383561644
13,H1055,0.07464892830746489,68.10875,26.722083,HDAM,1.5131507074996218,-0.819643806227266,-5.35726016988493,3.2664930530504823,1008.8822074994649,89.72328767123288
14,H1057,0.397796817625459,60.71220699999989,12.667535,HPHS,2.1271233201026916,3.0829040560820333,-1.1712876469917493,7.751150520436772,1010.6717945673695,95.41917808219178
15,H1064,0.016631578947368417,58.35555600000001,12.374444,HDAM,1.89534250497818,7.698629937918015,3.951835544708453,11.579040852301333,1010.6994653989191,110.35342465753425
16,H107,0.418702023726448,49.606998,14.182,HDAM,1.4841096053384755,9.065972403855357,4.548547859311308,13.963122965497513,1017.6104261424443,129.02739726027397
17,H1070,0.7096774193548387,45.082,2.194,HDAM,2.6169863571859384,11.205670968356403,5.921999857569598,16.44701335283175,1019.4791925299658,154.75616438356164
18,H144,16.61764705882353,57.2553615,-4.493151999999991,HPHS,4.026301426920172,8.551095692486795,4.830575238785719,12.420136709133647,1011.1868620572025,76.88219178082191
19,H93,4.721428571428572,47.067783,10.665211,HDAM,2.02684934678143,4.40663005740267,1.2602191622585874,9.890410710891633,1019.2085061269264,151.06575342465754
20,H111,2.0207612456747404,47.146432,11.967219,HPHS,2.7128767640623326,1.5507396979385042,-2.414767076136315,5.620054667912526,1019.3326181908176,149.14246575342466
21,H11,2.6904761904761907,44.668999,22.527,HDAM,1.2432876921679876,13.391232611963602,7.941095740628773,18.923944777832048,1017.1148093027612,165.58904109589042
22,H110,1.0886075949367089,43.272999,18.841999,HDAM,3.053150750839547,6.48356150351975,1.7889862625004902,11.631670957125008,1016.1241249398009,165.3041095890411
23,H1118,4.589403973509933,42.1373,23.5691,HDAM,2.189863060435204,5.314520428350119,1.0672328536998328,9.607397024088526,1017.1194650310359,173.06027397260274
24,H324,3.6435998766781577,56.261512,-4.763588,HDAM,5.534794626170641,8.53728748929419,4.883917675453098,12.03704081390002,1012.1783704783818,81.41643835616438
25,H188,4.738186462324394,47.074251,9.874371,HDAM,3.723561708649544,3.3376985617747454,-0.9706026988333627,8.246383380522467,1019.3317974769906,149.93972602739726
26,H1133,0.1950413223140496,66.467003,16.549485,HDAM,1.991506869662298,-0.554273991633768,-4.676739609935512,3.360821827072395,1008.1052189239084,89.35616438356165
27,H114,1.981981981981982,45.21466,6.71208,HDAM,3.3846575893767894,5.498273854360801,0.9004109333639275,9.945205269646767,1018.5490553764448,170.36438356164385
28,H1150,0.050387596899224806,47.84125,27.225417,HDAM,1.3747945434426607,11.10890385186019,5.993177975305955,16.32350643075084,1016.8076852458797,148.4794520547945
29,H1154,2.2580645161290325,45.215,2.0380000000000003,HDAM,2.5386301881646456,11.232492864611622,5.965999868471329,16.473506441263304,1019.5052210977633,152.7890410958904
30,H1163,1.9329896907216495,46.457917,26.952083,HDAM,1.432054823392058,11.150218925819004,5.20873960564806,17.12693114032178,1016.8493276099637,152.23013698630137
31,H1200,0.2801120448179272,56.123701,13.11603,HDAM,2.693972657641319,8.577534069559754,5.313890286984101,12.007287393939006,1012.5085042875107,111.75068493150685
32,H1205,0.006999999999999999,62.807917,30.179583,HROR,1.7586301617426414,3.4535067896575553,-0.0062191758457928485,6.826493001377133,1010.0539858465326,9.457534246575342
33,H122,0.6875,40.340285,-8.196778,HPHS,1.8630137203490897,15.923451682312848,9.722766898113163,23.259396701969514,1018.8835753558433,186.1917808219178
34,H123,2.9545454545454546,45.3391,22.7213,HDAM,1.8010959223525165,6.100493012878993,2.1032054204238606,10.35810933984714,1017.1898798694349,158.38082191780822
35,H1233,4.270833333333334,44.407917,24.354583,HDAM,1.5232876970343394,12.840273722883774,7.025177943257436,18.71139682383366,1016.7917950355843,168.586301369863
36,H1234,1.0693069306930694,40.5,-7.51,HDAM,1.736164415372561,15.700547601098883,9.571616228756636,22.894684427078456,1018.8857687754174,192.0246575342466
37,H124,0.7397260273972602,39.1845,21.0255,HDAM,0.6389041223142246,17.325342106655853,12.267068205467643,21.533862504403885,1015.7359048921768,191.7041095890411
38,H1240,0.2878338278931751,64.607742,15.465791,HDAM,2.0147945570619137,1.5021643472809907,-2.5066026811424185,5.367698510276945,1008.5737112384953,89.58356164383562
39,H425,0.187,47.065944,13.353102,HDAM,4.492328830614482,-0.4764931403610804,-3.516767030056209,2.6438629624625185,1019.8633031557684,150.24657534246575
40,H126,0.7613636363636364,61.38164499999989,13.731379,HDAM,1.5041096207213729,2.463753379401687,-2.1425478941467526,6.939972429196924,1010.1471377020013,94.73972602739725
41,H1265,0.6714285714285714,41.692083,19.832917,HDAM,2.334246614861162,14.008191448511326,8.9050957159994,19.12112286564422,1016.0575471224851,178.5205479452055
42,H127,0.1711864406779661,67.493432,18.353512,HDAM,1.423287696952689,-0.2150684854245349,-3.4917533441255353,3.2628492502214974,1007.7761785637842,89.17534246575343
43,H1272,4.651162790697675,41.07,-7.46,HDAM,1.0317808366801642,14.552520194180207,8.479150495810869,21.16232830775927,1019.0852177868151,186.43013698630136
44,H643,3.1711822660098523,56.707001,-4.02,HDAM,2.938630181306029,8.173287485830793,4.418219080807208,12.073807974629206,1011.6854955385809,81.63835616438357
45,H1299,3.7416666666666663,40.3095,-8.2488,HDAM,1.9038356527073743,15.8735612993371,9.787260056215606,23.11575297786765,1018.8961805369756,184.86027397260273
46,H130,25.09090909090909,46.16036500000001,9.936609,HDAM,2.276712378083843,8.190657355789453,3.8627396410356645,13.857807911095554,1018.2827544747967,156.7972602739726
47,H132,0.38662146303299,41.368999,0.274,HDAM,0.6890411047086323,15.451807913684274,9.10120526559855,22.430684456106736,1018.7638497966609,196.9753424657534
48,H1328,0.4353932584269663,42.4452,25.6364,HROR,1.5865753787837615,13.305807906016707,7.433095717440321,19.143424234079987,1016.7841241705908,166.92328767123288
49,H1340,0.2274631531933899,40.719766,9.101024,HDAM,1.0024657736085865,17.349451689524194,13.04315042626368,21.277424224435467,0.0,183.43835616438355
50,H136,0.9789473684210528,38.7415,21.3642,HDAM,0.6556164534328736,17.45569824143632,12.387259989568632,21.50147899070831,1015.6504270788741,194.4958904109589
51,H1365,0.5450678011167243,47.165417,24.877917,HDAM,1.9646575641958681,6.39323272664253,1.5057807987785503,11.283177826686265,1017.1786463907321,146.15890410958903
52,H137,0.8183333333333334,67.729796,17.4849399999999,HDAM,1.5093150960255977,-0.7536986301410689,-3.7986574538154145,2.3982465054839848,1007.4460419119221,89.96438356164384
53,H140,6.956521739130435,43.759998,19.289,HDAM,2.398082225943265,9.755287471189074,4.261314978307649,15.738684575795515,1016.4942591837008,159.72602739726028
54,H725,5.115652245661321,56.771999,-3.353,HDAM,2.137260305064998,7.343479291216968,3.4309040214202993,11.296712089972953,1011.7005606873395,86.24931506849315
55,H870,2.921875,56.699001,-4.408,HROR,4.390137057435022,7.939205305931503,4.399177981397673,11.60509563880424,1011.7641226990582,77.5041095890411
56,H1436,0.18695652173913044,66.830913,18.97472,HDAM,1.5347945512157597,-0.2330136906304588,-5.0270409691109235,4.3453697510267775,1008.0296030540989,89.67397260273972
57,H1078,2.177419354838709,57.775002,-4.955,HDAM,5.993424759009113,7.71758886224603,4.408904017375348,11.213890158961693,1010.6698760568279,76.35890410958905
58,H1462,0.5351681957186544,47.059583,22.30375,HDAM,1.3564383787651584,10.771862784660842,5.608821770196704,16.140492823015745,1017.4487819723887,155.11780821917807
59,H1463,0.6616257088846881,47.07875,22.207917,HDAM,1.3134246783713772,10.996109338380295,5.80827385675009,16.40810924329578,1017.4561777611301,156.1205479452055
60,H679,3.1953352769679304,47.077999,13.417,HDAM,4.5128767771263645,0.6944657292063922,-2.54452049373968,4.113643731136028,1019.852070345944,148.60821917808218
61,H1484,0.16,60.0833333,13.983333300000002,HDAM,2.091232918059989,4.63347934575828,0.3252876726374643,8.970958712753164,1010.2106970382064,100.51780821917808
62,H1522,1.68,45.59125,22.95875,HDAM,1.3156164677175757,11.049260016091882,5.449123190812869,16.80232839149053,1017.2013839094606,157.14520547945204
63,H1565,0.5109489051094891,44.982917,24.742083,HDAM,1.8295890747684322,11.247314815361001,5.414465622634512,17.14279412257753,1016.8542594178082,159.61917808219178
64,H1566,1.954887218045113,45.082917,24.662917,HDAM,1.8712329088008568,10.87386273388585,5.153890300067524,16.66008182529309,1016.8898775283604,158.13972602739727
65,H1596,0.24705882352941175,58.560479,15.082435,HDAM,1.5367123559729694,7.417287498345114,4.105177998037575,10.959123058668146,1010.9117938316032,111.28767123287672
66,H1599,3.611111111111111,45.745417,24.39125,HDAM,1.6082192011075478,10.479698393733738,4.400849215242348,16.635451696568158,1017.0682309503425,153.1095890410959
67,H1602,2.3673469387755097,45.835417,24.860417,HDAM,1.635342495572077,9.637205261288033,3.3920821197433013,15.939314731343151,1017.0186441499893,152.14246575342466
68,H161,34.95934959349593,44.2007328,15.6811168,HPHS,3.2630137593778845,11.494410700177493,6.190575239036794,17.259588648098177,1017.0893305530287,163.63835616438357
69,H1612,3.141361256544503,40.23,-7.39,HDAM,1.3200000179957037,15.999013366764538,9.610931284924689,23.255643362541722,1018.7030275109696,196.81095890410958
70,H301,1.7720588235294117,52.6564,19.1339,HDAM,1.7186301592278155,9.617588820288034,5.777671099714425,13.535424380065644,1015.6161784968964,118.11506849315069
71,H167,0.5064145847400405,46.39734,5.66556,HDAM,2.188219212016014,10.75268466277686,5.784246447279233,15.69002701895286,1019.470426710991,152.86575342465753
72,H169,3.506521739130435,46.8761153436,8.98702934899,HDAM,5.594520645272242,1.1371232494711876,-2.476547902878629,4.6789039916779895,1019.1238530407213,151.2931506849315
73,H171,2.2205882352941178,42.009998,19.625,HDAM,2.6164384142993247,15.725890009697169,10.533095662897988,21.02139682557485,1016.0474085977633,176.03287671232877
74,H1194,0.5325443786982248,47.235001,12.058,HDAM,2.625479504180281,2.3151232366080152,-1.7931232511742066,6.512657405834084,1019.3117961726776,146.94246575342467
75,H1772,0.5589714924538849,45.249583,25.735417,HDAM,2.0567123644972503,7.843671022733188,2.231506786725088,13.424410657110075,1016.8260409420484,152.4794520547945
76,H18,0.5850727387729285,39.730301,-6.8849,HDAM,0.7320548105729769,17.692109229466688,10.797917554782678,24.857615881096827,1018.2923423453553,206.46301369863014
77,H1824,0.08333333333333333,62.590859,16.406570000000002,HDAM,1.6147945457941866,3.34983555446953,-1.0457533985121201,7.823506691694668,1009.3175481926905,94.85753424657534
78,H183,5.731853053998228,40.127148,9.140644,HPHS,0.9139726145626748,17.096027041134768,12.26276688355289,21.146794056565795,0.0,184.24383561643836
79,H1840,0.3150684931506849,61.490515,14.712678,HDAM,1.906575369018398,3.417725946825661,-0.20186300774755545,7.243753276367301,1009.7449444496468,95.18904109589042
80,H187,0.6493506493506493,45.41269000000001,2.4986200000000003,HDAM,2.3578082594153,10.691835366097623,5.46947932241306,15.817369497230608,1019.4323437834439,151.7945205479452
81,H1873,0.03470437017994859,65.6833333,18.1666667,HDAM,1.4980822216974545,0.6740822030001715,-3.83416430155096,4.767369734138659,1008.383574686965,90.33424657534246
82,H1899,0.08918539325842696,42.6125,25.3198,HDAM,1.759178113120876,12.55547915891017,6.757753248415785,18.347780437420493,1016.6537131113549,165.7178082191781
83,H1905,0.004602510460251046,62.825417,29.475417,HROR,1.823013729101991,3.6613149696680374,0.18402739615268904,6.9344929666092545,1009.9983692744007,10.35890410958904
84,H192,0.2873134328358209,42.11625,-7.212083,HDAM,1.748219212767196,12.48830108338431,6.050438220237624,18.809944834121286,1019.1512471238228,175.87671232876713
85,H198,31.64763458401305,45.923109,10.628414,HDAM,2.6701370275183898,8.803232673933245,4.747945105519197,14.113287356291732,1018.3175495304473,158.14246575342466
86,H201,0.17251908396946564,42.62850200000001,-7.7122,HDAM,1.8706849686086995,13.944602430519993,7.546986130737278,20.395478984101178,1019.4983712810359,162.92876712328768
87,H202,27.5,63.14623,16.0706,HDAM,1.677534283023991,2.8216437663729876,-1.434273945290136,7.013342314111451,1008.8898775283604,92.26575342465753
88,H204,2.641509433962264,46.6679,23.059,HDAM,1.7350685204545113,7.0357806661255555,2.569342408829356,11.617369617235987,1017.3479599208048,152.95068493150686
89,H1455,1.3453065617327549,57.775002,-4.955,HDAM,5.993424759009113,7.71758886224603,4.408904017375348,11.213890158961693,1010.6698760568279,76.35890410958905
90,H213,0.8528784648187633,45.3667,24.6307,HDAM,2.0238356512703306,7.920876534278058,2.6389862450528634,13.178849051122183,1016.9570011504709,152.85205479452054
91,H215,7.05774647887324,45.009998,14.893,HDAM,0.0,0.0,0.0,0.0,0.0,0.0
92,H22,11.95341463414634,54.797866000000006,24.248169,HPHS,1.9715068781212584,7.7424655824593485,4.442328681056834,11.287753187247539,1014.339739739405,108.6
93,H222,0.4537313432835821,66.976846,18.573706,HDAM,1.500821940866235,-0.2058630063670547,-4.959232780071971,4.338657412902541,1008.0534390384204,89.90958904109588
94,H227,52.46031746031746,65.127297,19.467367000000007,HDAM,1.6679452389886935,1.6281095397441763,-2.2388766610050856,5.527999908150467,1008.2471378692209,90.81917808219178
95,H229,8.676470588235292,43.448002,17.837,HDAM,2.9884932168542524,13.176136672986697,8.312876525643754,18.984574946230406,1016.0369991772795,167.73972602739727
96,H230,0.3528455284552845,46.9386,26.1029,HDAM,1.645753450916238,7.9022737941921575,2.2420273488974325,13.49156133238073,1016.9780989137414,149.34246575342465
97,H2328,0.008602150537634409,52.762083,-8.477083,HDAM,3.3564384076693288,10.407835384101084,6.928054636589264,13.878383246513263,1015.1627533377033,104.01369863013699
98,H24,42.78481012658228,45.202,6.585,HPHS,3.6632877444567744,4.5594245604660415,0.1818356190285046,8.71978063220541,1018.617275791952,172.17808219178082
99,H2488,1.7853658536585366,40.395419,19.805764,HROR,1.2572602920540392,14.399588747547098,9.74298608028011,18.65421876319467,1015.881384611783,184.24383561643836
100,H2490,0.5102040816326531,62.46369,13.08091,HDAM,1.4868493383877899,1.509150655230839,-2.546684871379235,5.89942453998613,1009.3353565790882,92.53972602739726
101,H25,2.717647058823529,56.583,25.2394,HDAM,1.9443836070086857,7.180410805063909,3.808301270707217,10.618986078566067,1013.2490560453232,107.02191780821917
102,H250,2.3887079261672097,41.693192,-8.027951,HPHS,2.2210959261410856,13.902410607468592,7.9311779053703155,20.49578031121868,1019.2635760581657,172.04657534246576
103,H257,5.174603174603175,42.8211,0.01033,HDAM,2.6589041611919666,6.309862885741542,2.2504383029594814,10.860684669670993,1020.7317959720141,173.48767123287672
104,H26,4.287048188029344,42.159,23.871,HPHS,1.9463014034375752,7.976958736511943,2.9835067775151503,12.94915036683111,1017.0435739177547,169.56438356164384
105,H266,6.6890322580645165,46.2302203342,7.85719305844,HDAM,1.539178118252591,6.671260118096659,2.5344383096092775,11.59435591323633,1018.8989205974422,156.32876712328766
106,H275,57.615894039735096,66.2682205,20.8259525,HDAM,1.7813699036428372,1.2182465683413695,-4.235095807399651,5.9995614921240366,1008.0054924951841,93.8054794520548
107,H277,0.4621072088724584,42.734001,18.497,HDAM,3.045205529748577,13.022246300725088,8.945451842462772,17.646383175784596,1015.755630953018,174.16164383561645
108,H28,0.26435045317220546,41.271328,-6.320278,HPHS,0.696164397180897,14.983342121439437,7.938356001414869,21.998848807975037,1019.3359048921768,195.63013698630138
109,H286,0.36507936507936506,41.209099,-7.049,HPHS,0.6131506952520919,16.45641058944676,9.878246333705237,23.76293096019797,1019.1750829409247,189.61917808219178
110,H289,5.4766031195840545,64.360001,24.409,HDAM,1.4279452353307645,3.793397184660378,0.6221369674199656,6.8333971228807755,1008.9057665681186,97.65753424657534
111,H296,2.0188679245283017,46.401001,8.551,HDAM,4.426027471725255,2.382657483771239,-1.0081917480144598,5.647780684779768,1018.7123426463506,156.53972602739725
112,H297,0.8412698412698413,46.464001,8.546,HPHS,4.426027471725255,2.382657483771239,-1.0081917480144598,5.647780684779768,1018.7123426463506,156.53972602739725
113,H302,1.263537906137184,41.771,20.84,HDAM,2.061369898221264,11.148821699813212,5.649287535025649,16.779972245962654,1016.3654920604131,174.06849315068493
114,H303,1.3948497854077253,43.757,17.743,HDAM,2.7126027760440357,10.312438116008288,5.4192601446878825,16.12950646676225,1016.1857667687821,164.33150684931508
115,H310,0.4393351800554017,39.5429,-8.3188,HDAM,1.2756164655293505,16.592629768423837,10.998958663581169,23.74161587806597,1018.6561794333262,195.7890410958904
116,H313,0.6810543074473729,41.9404,24.27,HPHS,1.8265753644786469,9.494602518100036,4.105808130963004,14.862547624310197,1016.8665891882491,169.73698630136985
117,H319,0.5,64.7506673477997,20.9527945518493,HDAM,1.896438380300182,3.2897533494009545,-0.8483013586230475,7.2634792732151405,1008.2945332566353,96.04931506849314
118,H320,14.11320754716981,63.2411585,15.2339025,HDAM,1.4720548219876746,3.1618629521345847,-0.7813150632616184,7.0942464123901035,1008.8054923279644,92.54520547945205
119,H322,0.7942307692307692,40.0966,21.8039,HDAM,1.0468493380366939,14.297013428220398,8.896821721755478,19.314191340093743,1016.0200128424658,184.94794520547944
120,H3283,1.3194444444444444,40.69398620000001,20.439501,HDAM,1.584109607624681,12.32084906114495,7.384465593079182,17.018355815214655,1016.0101485578981,179.87671232876713
121,H3306,0.907715582450832,44.3938,8.2787,HDAM,1.6704109910416276,13.032273676746511,8.315123101226883,17.94564346026068,1017.7074113401649,169.75616438356164
122,H3310,1.0,37.829642,14.576644,HDAM,1.3128767386691211,14.387287359817387,9.808301165271295,18.321807836833067,0.0,188.15616438356165
123,H3314,7.1556350626118075,45.433313,7.417422,HDAM,2.2950685283909107,6.891040963108001,2.4725205001765733,11.664876441427902,1018.3791923627462,165.97260273972603
124,H3329,2.5943396226415096,42.25183,-8.1419,HPHS,2.1087671583645964,15.17824623486767,8.9100272209728,21.597478975008613,1019.1093300179259,165.8
125,H3330,1.5741789354473388,40.991739,-8.1419,HDAM,2.0967123675019774,14.804273632454546,8.696958721133127,21.840547433617996,1019.1150820379388,177.94246575342467
126,H334,0.4457142857142857,63.197917,13.50875,HDAM,1.754520580703265,1.6370410511091555,-2.090684882224831,5.519506714421592,1008.8452193586794,91.2958904109589
127,H3408,5.859872611464969,42.6717259,1.7009906000000004,HDAM,2.4690411309673364,5.580986171986346,1.6484383290250824,10.180739496832025,1021.0753568466396,173.53424657534248
128,H3413,2.8,46.34200870000001,9.3687663,HDAM,3.4210959521058486,7.054301214554947,3.2665752760147395,11.548164142137521,1018.303851903628,155.09315068493152
129,H346,0.44,66.314003,27.190001,HDAM,1.4810959103989274,0.9261917789913203,-3.573287597038362,4.85635607136439,1009.0630275778575,92.82739726027397
130,H349,0.9209060527292982,49.82354,14.434501,HDAM,1.4901370120375124,10.048492908436959,5.954931380038392,14.5379449129717,1017.4597400404002,128.23287671232876
131,H359,12.857142857142858,66.6313945,19.8198109999999,HDAM,1.9095890654276495,0.2371506912455167,-4.5593149717386865,4.867095787869128,1008.0109731177761,90.2986301369863
132,H377,7.352941176470589,45.435348,7.418466,HDAM,2.2950685283909107,6.891040963108001,2.4725205001765733,11.664876441427902,1018.3791923627462,165.97260273972603
133,H382,10.3,65.931,24.714001,HDAM,1.4079452222340727,2.0793698138263945,-2.0880547306870354,5.809068384480803,1008.684943546661,96.17534246575343
134,H384,0.19035202086049546,43.73687,6.1342300000000005,HDAM,1.101917834151281,13.858794230916729,7.819013493395832,19.931342006056276,1017.7268623247538,183.8876712328767
135,H392,29.078014184397173,65.0222165,19.682859,HDAM,1.6778082439344224,2.0098081671977286,-2.0559177756870852,6.021671091469184,1008.2386424443494,91.63287671232877
136,H394,3.128555176336746,45.82519600000001,7.333163000000001,HDAM,3.4046576044330856,3.579451974777326,0.012767114750530622,7.508301168481169,1018.7186456549657,163.17808219178082
137,H402,0.8240601503759398,64.945753,15.827496,HDAM,1.9841096285271318,0.8641917695941991,-3.4316437529629633,4.942054686511624,1008.5460397380672,89.54246575342465
138,H406,0.9923916639100232,42.0135,24.2579,HDAM,1.708767147913371,11.731150421581857,5.847068389841955,17.639451693197433,1016.8939859468643,168.85205479452054
139,H409,1.930215293244247,60.95096649999989,12.545216,HDAM,2.1736986655078523,2.8493697858632427,-1.6975615861991498,7.644520376796184,1010.8172737853167,95.44109589041096
140,H410,2.711621233859397,41.763285,-8.20976499999999,HPHS,2.6465754035401017,14.132410640509365,8.126931304719351,20.75150636385565,1019.3624801008668,168.64657534246575
141,H42,2.7241379310344827,41.872,-8.2025,HPHS,2.6019178410098975,14.414739380307394,8.357451862954113,21.020848849048352,1019.3772738522047,167.8
142,H434,0.4836601307189543,48.6333,14.2375,HDAM,1.9632877065710825,6.898794347833689,1.9754520131096447,12.716766840393005,1018.0512484615796,132.4
143,H435,1.5625,46.443064,9.334613,HDAM,3.8145205910891704,3.5407122439768624,0.2069862987590979,7.325232731989802,1018.4887837449165,155.95890410958904
144,H439,0.4844961240310077,41.404999,21.936001,HDAM,1.2353424849575514,14.357479134059115,8.188629974506489,20.606136525330477,1016.5167254722281,180.74794520547945
145,H440,4.117647058823529,45.03048,6.07914,HDAM,2.501917852604226,8.36071214597315,2.794493098215085,13.764383262758182,1018.6052204288849,170.27123287671233
146,H45,10.638297872340424,42.104,19.826,HDAM,2.8071233279084504,13.599369581492796,8.021150499071977,19.28704065296748,1016.137272414116,173.1095890410959
147,H456,1.9101123595505616,63.74985,13.54035,HDAM,2.3197260727621103,1.665397215848916,-1.6264383285421216,5.183890283638484,1008.7397373983305,90.84657534246575
148,H465,0.8217821782178217,63.344498,13.4603049999999,HDAM,1.5860274295284325,2.6778629718067712,-0.9295616188686188,6.6573149085861365,1008.7890524668236,92.01369863013699
149,H47,5.891891891891893,45.68545,6.62248999999999,HDAM,4.029315128799987,3.9975615495433137,-0.2049588971758542,7.940136809391927,1018.8939866157427,166.18356164383562
150,H475,0.495609756097561,39.91727,-8.13243999999999,HDAM,1.8298630616436267,15.646903774183091,9.777397029163087,22.81525973228559,1018.7353577496255,190.7068493150685
151,H477,0.16642120765832105,41.958,0.634,HDAM,1.1301370072038206,12.989588740886482,7.172273819189366,20.047506375508764,1020.9441228997217,188.4986301369863
152,H486,0.2962962962962963,41.63253,25.33801,HDAM,1.6920548163048208,12.845479169814555,6.360136832603037,19.3560543483659,1016.7646703432684,173.0
153,H496,1.9908256880733943,41.584,26.108,HDAM,1.390410980459762,14.337616117237365,8.300164193466102,20.12287631039954,1016.6794644290454,175.7917808219178
154,H500,1.1531531531531531,46.349998,8.6,HDAM,3.4931507407802425,6.141588906596785,2.038054746093407,10.290766882421831,1018.3630267417594,155.16164383561645
155,H502,40.74074074074074,64.479423,18.878073,HDAM,1.5567123592716374,2.1486300956508884,-2.496958844874003,6.575945040593817,1008.4085064613656,92.04657534246576
156,H513,0.7705627705627706,54.87414,24.0,HDAM,1.8961644197163516,7.852575173739293,4.561451920570985,11.377533959132963,1014.2685070299123,109.22465753424657
157,H515,3.38,66.42400400000001,25.540001,HDAM,1.375890441463418,1.884986242600908,-1.8506300770307649,5.680547815464335,1008.7849458877355,92.85753424657534
158,H519,0.33969118982742963,65.095,17.101667000000006,HDAM,1.5284931783806788,1.1487945024485458,-3.560986222627841,5.571972496577934,1008.5191921286387,90.04383561643836
159,H520,2.1875,62.3833333,17.3166667,HDAM,1.8095890748990726,4.827342360507544,1.2814794187625385,8.608794309459116,1009.2246724167916,97.93972602739726
160,H529,0.6385390428211587,46.175999,8.684,HDAM,3.314794578780867,9.727588833332675,6.296712176828351,13.48205449918974,1017.9126162176262,156.42191780821918
161,H53,3.3823529411764706,45.446999,23.768,HDAM,1.9605479704190607,5.324164289593289,1.216082159817627,9.577780614252369,1017.0909743217572,156.62465753424658
162,H530,32.083333333333336,64.9687,17.54421,HDAM,1.5117808505280377,1.2249862695291434,-3.3073149951710685,5.544794377893822,1008.5287786614405,89.9013698630137
163,H531,17.97979797979798,65.40360600000001,18.673154,HDAM,1.6435616746340713,0.8012602481174551,-3.4369314191582268,4.83342457025835,1008.320287417059,91.08767123287672
164,H549,9.232323232323234,66.155998,25.125,HDAM,1.33890412555982,2.03734242808431,-2.055534194736448,5.873260128278642,1008.7526161507384,94.88493150684931
165,H558,4.168295331161779,41.4,-7.59,HDAM,1.2589041278786854,14.426931194001682,8.520903904128769,21.001944707191154,1019.1753571810788,180.44383561643835
166,H566,4.156684733514012,45.2286,14.6736,HDAM,4.503835707821258,10.833205202961825,5.8579176775804935,16.43695850839762,1017.9833001123716,157.3123287671233
167,H57,0.5782608695652174,42.243999,20.014999,HDAM,2.9364383973487436,12.25580794274909,6.491342313363128,18.175287247030703,1016.2265867468429,171.53424657534248
168,H576,1.1791907514450868,59.049013,17.465807,HDAM,1.7841096278739301,7.492684777167766,4.078356073347673,11.163040866917127,1010.5805607207834,112.0986301369863
169,H578,0.8333333333333334,62.53208299999999,13.092083,HDAM,1.5805479758406338,1.1317260036576693,-2.8048492952364765,5.34279442531095,1009.247686851188,92.05753424657534
170,H590,2.1836734693877546,66.706406,19.516481,HDAM,1.7572602964427373,-0.12424657548433297,-4.967040997192468,4.640273877018935,1007.9893293824914,89.6109589041096
171,H602,9.622222222222222,66.36875,26.689583,HDAM,1.4432876942908928,0.9445479113353442,-3.638383466515639,4.928520422030801,1008.9857679393193,92.55890410958904
172,H604,1.6873873873873877,41.83225,24.42183,HDAM,1.7509589410807989,10.860794257097048,5.132246455509368,16.60547906552786,1016.8120700783926,169.22739726027396
173,H610,0.4252577319587629,41.61227,25.64052,HDAM,1.6186301670662344,13.297753115345355,6.983260124727879,19.539643381025694,1016.7482316526648,173.72054794520548
174,H627,14.067127344521225,42.02719,24.47085,HDAM,1.6476712564899496,13.07038327314674,6.845534091983756,19.25435576496059,1016.848783142926,169.27945205479452
175,H634,7.567829457364341,46.3113,16.4945,HDAM,2.3356164783647615,11.646849061686494,6.215040948379734,17.467780449884394,1018.0386466248394,156.25753424657535
176,H635,3.7433155080213902,46.3205,16.7489,HDAM,2.017260320055975,11.93452025903006,6.805945029732299,17.490081827301687,1017.9556336285317,156.6821917808219
177,H638,0.03873239436619718,39.545417,-1.502917,HDAM,0.6827397339964566,15.60465721136903,8.334465583832296,22.867150172142132,1018.8567262414383,205.13972602739727
178,H651,1.5693779904306218,65.509167,15.625556,HDAM,2.35315073973512,-0.7567123160378574,-4.405753337071366,2.951588969514386,1008.4085071302441,87.58082191780822
179,H659,1.6776315789473684,40.96,20.068,HDAM,1.4468493303207501,15.815780457241894,10.864903845566593,20.52498581344134,1016.0027536052547,182.6958904109589
180,H68,1.9833333333333332,66.95428100000001,19.796076,HDAM,1.8200000313863363,-0.5529041053701753,-5.5181368660590016,4.098191700600189,1007.9068638631742,89.54246575342465
181,H680,0.2861230329041488,61.46208299999999,23.437917,HDAM,1.8117808557536503,5.095753292657741,1.5301095568613239,8.533835419915514,1010.09974097683,96.21643835616439
182,H688,0.3463302752293578,42.317001,0.2,HDAM,1.2701370125764038,12.121698352949668,5.925095762883964,19.29909544056409,1020.6542600866867,185.06027397260274
183,H691,0.967741935483871,41.682917,19.89625,HDAM,2.334246614861162,14.008191448511326,8.9050957159994,19.12112286564422,1016.0575471224851,178.5205479452055
184,H697,0.16859504132231404,63.821222,17.1450079999999,HDAM,1.5767123557116887,2.47709582822576,-2.195041024827794,7.1180272628999735,1008.7148088011023,92.13972602739726
185,H71,34.074074074074076,66.691226,20.345341,HDAM,1.9476712633485664,0.6397260204723029,-4.381479362490243,5.12895877628702,1007.9589196610124,91.62465753424658
186,H714,2.336565096952908,41.653,-8.231,HDAM,2.6054795056173248,14.776492790939058,8.58613676702323,21.749533729030663,1019.3424801343108,170.3835616438356
187,H715,0.1891891891891892,66.4990459999999,17.107241000000002,HDAM,1.8747945528324337,-0.47391780212725676,-4.604520477068751,3.5244930668542644,1008.1797383347603,89.52602739726028
188,H72,31.555555555555557,46.7085534816,8.22601948865,HDAM,3.8602740444549144,3.6249862280865646,-0.5090958800677159,7.7880272128198245,1019.6613859829837,150.91232876712328
189,H720,0.058392857142857135,61.210576,28.782635,HDAM,1.9035616801209645,4.750082070921382,1.7175342257912845,7.856356012295574,1010.7726169533926,11.016438356164384
190,H736,0.3708381171067737,65.476969,15.856519,HDAM,2.242739765121512,-0.3991780751065849,-4.384410861787731,3.5133423922506912,1008.445219525899,88.2
191,H743,0.2236486033144723,41.6428,24.153,HDAM,1.8531507185877185,9.71443814975656,4.2957807415305345,15.112438060649454,1016.7638489605629,171.95068493150686
192,H756,1.4438614900314797,40.9871,-7.5353,HDAM,1.1369863271713256,14.900246270633724,8.823972381141088,21.618492634002475,1019.0580984455265,186.4
193,H77,0.1886540600667408,38.890417,21.499583,HDAM,0.7079452120482105,16.639780447989295,11.570081944620773,20.762136516995625,1015.6761785637842,192.5041095890411
194,H78,25.294117647058826,66.503203,20.380167,HDAM,1.992054824633141,0.654301368072629,-4.2352601948972435,5.005451936871834,1008.0106983759632,91.56986301369864
195,H783,17.3943661971831,46.59257,15.15301,HDAM,3.2726027936151585,8.619177876923182,3.7701917024916165,14.071479138027723,1018.0142606552333,148.94794520547944
196,H795,0.08962868117797695,64.57875,26.76625,HDAM,1.5728767434211626,2.65810953613932,-1.4731506658080098,6.293150548483819,1009.280288320045,8.69041095890411
197,H8,2.5019047619047616,44.673,22.532,HDAM,1.2432876921679876,13.391232611963602,7.941095740628773,18.923944777832048,1017.1148093027612,165.58904109589042
198,H800,1.6226295828065742,41.7686,-7.9504,HDAM,2.128219210611631,13.609342169680007,7.624794351779027,20.096465302820075,1019.2213833743579,172.2
199,H804,0.08625,44.622793,22.641357,HDAM,1.2567123530662223,13.805479160272707,8.292986117303371,19.385807781207234,1017.1052194255672,166.58356164383562
200,H810,1.3947368421052628,44.177917,24.48375,HDAM,1.5608219378615078,13.067479147302778,7.220547823577303,18.94104063838006,1016.6876839415668,168.42191780821918
201,H811,1.0833333333333333,44.045417,24.57125,HDAM,1.5980822135324348,13.236766789302434,7.351972426907861,19.14452015989243,1016.6375481592465,169.09315068493152
202,H812,0.8909090909090909,44.26625,24.400417,HDAM,1.5358904449907067,12.883506536728715,7.059342315588912,18.734520082645222,1016.7222042554046,168.07945205479453
203,H813,1.364864864864865,43.81625,24.69625,HDAM,1.6772603051303183,13.420739433414315,7.495095743172585,19.347232450197822,1016.5452178537029,169.44657534246576
204,H814,1.3205128205128205,43.920417,24.625417,HDAM,1.6098630451176263,13.26487641481504,7.365232696195376,19.16073928111016,1016.579465432363,168.96712328767123
205,H83,30.357142857142854,46.05271,5.81285,HDAM,2.325479495035459,11.243670953779596,6.032629992026989,16.4286845253755,1019.410972281678,155.9753424657534
206,H84,18.79699248120301,46.4198999,6.9287696,HPHS,2.7490411392629963,6.640547772976634,1.9519451604211984,11.810218907356875,1019.333163661173,155.54794520547946
207,H850,1.0483870967741935,45.162083,22.732917,HDAM,1.5367123553197677,9.27230115965621,4.507725940808042,14.255479111736769,1017.160287015732,159.72876712328767
208,H851,0.7688888888888888,44.537083,24.325417,HDAM,1.5205479697005388,12.732575058018508,6.9188491483512395,18.610602319036445,1016.818370411494,167.81095890410958
209,H88,8.475609756097562,46.804819733900004,10.331344182999901,HDAM,2.2106849781454425,2.460465678363426,-1.2220821655827434,7.799232701747997,1019.1085077991224,154.413698630137
210,H886,1.2770809578107185,41.91922,24.19305,HDAM,1.856438388481532,9.714821745582844,4.291095809796698,15.144081861107317,1016.8827524681614,169.88219178082193
211,H888,0.12637362637362634,59.54375,13.299582999999998,HDAM,1.7156164742495916,6.654410790810234,2.3456711761347235,10.866684694838238,1010.2780952349101,104.94794520547946
212,H894,7.052631578947367,45.120417,24.375417,HDAM,1.9367123711599064,12.08783534725439,6.265260148737324,17.974218775148262,1016.9520671687714,158.4082191780822
213,H897,0.9083333333333332,47.651451,10.735525,HDAM,3.815616523811262,7.8787669371711475,3.3109588218878394,13.142246282662022,1019.1285102739726,143.07945205479453
214,H907,3.5,44.682917,24.292083,HDAM,1.5476712527340406,12.78975312979254,6.969123148402735,18.670081783065648,1016.8580966061108,166.82739726027398
215,H908,8.91891891891892,45.012083,24.29625,HDAM,1.8084931847167343,12.509396987255306,6.682027279657044,18.417451635345,1016.9433018514554,160.53698630136986
216,H909,1.1089681774349085,46.337083,27.04625,HDAM,1.454520579886763,11.135698371610209,5.318712212706673,17.0072598594917,1016.8326176891588,151.9917808219178
217,H910,1.0810810810810811,46.727083,23.29625,HDAM,1.5060274135576535,9.192931289924946,4.147013591791261,14.327232528105379,1017.3375481592466,152.83835616438355
218,H918,1.7082250341997265,39.9622222,9.5055556,HDAM,0.7778082266245803,17.93131469177873,13.728903811598478,22.18630088649384,0.0,186.6904109589041
219,H923,9.166666666666666,46.187083,27.18375,HDAM,1.4830137243009593,11.576739467578392,5.825123128509277,17.384355766336395,1016.8109721144584,152.84931506849315
220,H936,4.203636363636363,41.41,-8.5,HDAM,3.1567123611495918,15.151314708957933,8.800684736567002,22.51531452283467,1019.3487814707299,171.29041095890412
221,H938,2.7333333333333334,64.717559,18.242239,HDAM,1.5750685291747524,1.8548766351828019,-2.8273150292569644,6.251999842681705,1008.4474114404966,91.67397260273972
222,H94,2.696035242290749,46.0508221655,6.94899701138,HDAM,3.304383616578089,4.05599992379342,0.06364382662083189,8.244246422774987,1019.0739878197239,159.98356164383563
223,H949,0.7870967741935484,45.495417,26.250417,HDAM,1.8961644117146321,8.147260071214747,2.6141917296468393,13.622876433272884,1016.8219330252033,151.07945205479453
224,H955,0.6673640167364017,39.5649,-7.8123,HDAM,1.1098630330333972,16.884711978860096,10.552958641721778,24.30610898684149,1018.5452178537029,201.0246575342466
225,H96,3.3571428571428568,46.5680720667,8.31932651704,HPHS,5.050685040591515,2.0700273566458325,-0.8751506731475461,4.983123170706915,1019.1589186576948,154.9808219178082
226,H97,0.5503144654088051,44.47095,6.26967,HDAM,1.7520548279971293,11.055944952144198,4.86736977125888,17.17479414368329,1018.1348091020976,179.74246575342465
227,H974,0.2933333333333333,58.986325,14.106716,HDAM,1.5953424863619348,7.399232714204755,4.019945114942854,11.061890150606633,1010.4279577803939,109.74520547945205
228,H976,5.813953488372092,61.489482,16.381977,HDAM,1.8435616855751977,4.731095781182385,0.31599999395237394,9.057588822006771,1009.5734380016588,100.08767123287672
229,H3424,1.669090909090909,46.159346,9.930337,HPHS,2.276712378083843,8.190657355789453,3.8627396410356645,13.857807911095554,1018.2827544747967,156.7972602739726
230,H3427,2.08,46.171156,10.06145,HDAM,2.19643840005953,7.925616284755812,3.6341095016121048,13.619479116031977,1018.3238495291096,157.0191780821918
231,N1,4.3010696774193535,58.29373399999999,6.453253,HDAM,0.0,0.0,0.0,0.0,0.0,0.0
232,N4,62.079640974497785,58.65815500000001,6.728166000000001,HDAM,7.22054810197386,5.152246461584143,1.9610410444438457,8.892191583453997,1011.379738836419,80.28493150684932
233,N5,6.924331818181818,58.65991,6.698752000000002,HDAM,7.839178225438888,5.16191767591932,2.0888218823207976,8.812383357976397,1011.3805612224422,80.0931506849315
234,N7,26.226857142857146,58.50594200000001,7.417103999999998,HDAM,5.602739807840896,5.3950957610539785,2.0714794033704553,9.20490391646346,1011.2759038219713,81.27945205479452
235,N9,1.6046238095238097,58.76468199999999,6.36841,HDAM,9.637808363894894,4.635095786323694,2.1903561067397463,7.72528750257541,1011.337547992027,77.81643835616438
236,N10,3.631472,59.01098100000001,6.445128,HDAM,9.267945352482469,4.279945104288524,1.958520501612188,7.241205309882556,1011.3748092024293,77.41095890410959
237,N12,2.403902019002375,58.77569200000001,7.012965,HDAM,5.7101371058046,2.9847396671363753,-0.06156164250553471,6.508986145742748,1011.3885076653468,79.5041095890411
238,N13,2.487259615384616,58.93561800000001,7.088094,HDAM,5.241095984798588,1.9759177773119243,-0.8705479486603035,5.300438235996112,1011.4446703767123,78.8
239,N14,0.19508,59.026673,7.089142999999999,HDAM,5.1241097007712275,1.498739686557283,-1.1214520291922843,4.5995067434410934,1011.4802888217038,78.58630136986301
240,N15,0.832711592178771,58.76363900000001,7.51007,HDAM,4.75315078496933,4.2535067499143215,1.1933972329105416,8.187369681338538,1011.2865881514875,81.01095890410959
241,N16,1.0396530303030302,58.983853,7.67232,HDAM,3.9783562385872617,3.954767034422249,0.9457807956186876,8.430054609702058,1011.2854943680437,82.2958904109589
242,N21,2.254610886189833,58.390377,7.894692,HDAM,5.091232974888527,6.492328617721796,3.423150619053065,10.507780557758595,1011.2060408082726,89.05753424657534
243,N22,7.704329268292684,58.530437,8.334303,HDAM,4.316164472168439,6.15572591337235,2.1123561098355137,10.849670994965589,1010.9860411761558,95.16712328767123
244,N25,0.5609957219251337,68.090128,17.716649,HDAM,1.8676712668105349,-2.0650136571989894,-4.704657454502909,1.0321643596846763,1007.1509725492294,89.3972602739726
245,N26,0.8265457732761979,58.906297,8.22607,HDAM,3.7284932007528333,4.483260168824089,1.1357534016648383,8.802246354785684,1011.0580954355736,92.17534246575343
246,N27,0.7861674988651838,58.951934,8.394045,HDAM,3.5832877387739206,5.064630033831074,1.573945170293932,9.524191608473863,1011.0180956696811,94.1945205479452
247,N29,1.247160390516039,59.657665,6.096469,HDAM,11.640822108477762,5.441534144053721,2.6597259657023704,8.997205298138807,1010.765495070366,77.86301369863014
248,N30,2.176418823529412,59.657561,6.096339,HDAM,11.640822108477762,5.441534144053721,2.6597259657023704,8.997205298138807,1010.765495070366,77.86301369863014
249,N31,2.644078212290503,59.874602,6.073857,HDAM,11.94684951158419,4.593753332859033,2.0684931135851228,7.99887653952592,1010.6087813703981,78.02191780821917
250,N34,0.4609723273415327,59.35312800000001,7.247816999999999,HDAM,4.029315143905274,1.8069588718655174,-1.7625752870963045,5.385260160109156,1011.2813826051477,78.85205479452055
251,N35,0.8941290322580646,59.353127,7.247782000000001,HDAM,4.029315143905274,1.8069588718655174,-1.7625752870963045,5.385260160109156,1011.2813826051477,78.85205479452055
252,N36,5.255429054054055,59.12481,7.5063,HDAM,3.649863081109034,3.257013628693068,-0.1733150621595448,7.417643666134714,1011.3098786654538,80.0986301369863
253,N37,2.0933577661431064,59.68751500000001,6.521502,HDAM,8.461370009592134,2.2772876399684034,0.10887670994621433,5.0243012704210335,1010.8857686081977,77.31232876712329
254,N38,12.324984642686507,59.526994,6.658841000000002,HDAM,8.085753583908081,5.049725917956397,2.3685204723416127,8.533643643415138,1011.0668640972817,78.64109589041095
255,N39,21.51154318181818,59.555761,6.598419,HDAM,8.928767233352138,4.586164289845588,2.075150640691592,7.8863011733105735,1011.0405614565497,77.95890410958904
256,N40,9.373008695652171,59.651863,6.824512,HDAM,6.472602839992471,2.994164329649855,0.06175342816604327,6.356876573425858,1010.8885048226134,78.4986301369863
257,N42,6.214258064516129,59.690494,6.570213000000002,HDAM,8.461370009592134,2.2772876399684034,0.10887670994621433,5.0243012704210335,1010.8857686081977,77.31232876712329
258,N43,1.4552391304347827,59.930933,6.197613,HDAM,9.344109769390053,2.507095843461687,0.3300821844437351,5.447205345603089,1010.5545331563035,77.68219178082192
259,N44,1.3917171893147504,59.831861,6.881373,HDAM,6.396712423840614,2.1863835007666723,-0.47616436931062234,5.257999890869202,1010.7213838760167,78.98904109589041
260,N45,3.0016611295681064,59.818537,6.818575999999998,HDAM,6.396712423840614,2.1863835007666723,-0.47616436931062234,5.257999890869202,1010.7213838760167,78.98904109589041
261,N46,1.508910714285714,59.850284,6.962739,HDAM,4.8534247437160305,0.05539726826221975,-2.32197254600182,2.543315012201871,1010.7137103355094,79.59452054794521
262,N47,0.7848877333333333,59.779587,7.728817999999999,HDAM,2.633698679731317,1.218602717254464,-1.977808151220622,4.8858903070988315,1010.735081502836,82.96164383561644
263,N48,12.919639233370912,60.127577,6.337427,HDAM,7.9446576836990985,2.6380273279925324,0.17950684015371213,5.660356030602978,1010.4912468897153,78.61917808219178
264,N49,2.283971361502348,60.125942,6.568911,HDAM,6.5052055801430795,4.646931395832806,1.9276985923006926,8.208136807422932,1010.5698758896083,79.9972602739726
265,N50,3.0264892412231035,60.129931000000006,6.641964999999999,HDAM,5.887397358352191,1.689506811077056,-0.7723561511566378,4.546821830625811,1010.6169998796018,79.63287671232877
266,N53,0.6045906040268456,59.21679,8.451891999999999,HDAM,3.184383612462919,5.089479332723438,1.0382191623216623,9.637314871443461,1011.0561772594713,96.28493150684932
267,N54,3.409611111111111,59.356167000000006,8.177044,HDAM,3.053972648431177,4.007095802621278,-0.20589040436156808,8.81931486592105,1011.1843977418664,90.58082191780822
268,N57,2.097594736842105,59.49854499999999,8.633632,HDAM,3.2884932021572166,4.789040983085559,0.7770958771291253,9.344547743666661,1010.9898780300192,96.98082191780821
269,N58,4.662858552631579,59.60825300000001,8.713219,HDAM,3.509041134135364,3.2440821335587193,0.09693150342225212,7.419397028974474,1010.8506988107341,95.36164383561643
270,N62,0.5064610485056346,59.686023,9.142329,HDAM,2.647671280821709,4.938082068495146,1.2692054499757208,10.084328529182566,1010.8676849783284,96.15890410958905
271,N63,0.17528195488721804,59.825847,8.345667,HDAM,2.3123287970889104,1.0321917707177057,-2.0478903638479644,4.983835506648438,1010.708232388431,92.31232876712329
272,N68,1.0864572727272728,60.243794,8.701658,HDAM,2.312876755407412,2.0625478969197975,-1.35399997724756,5.717561527596761,1010.8594639608305,92.77808219178083
273,N70,2.155707386363636,60.267223,8.959338,HDAM,2.3534246949300375,2.809506789635714,-0.6789862759564429,6.948164239097132,1010.8572747217465,92.68493150684931
274,N77,3.0561041666666666,59.862852,9.384991,HDAM,2.758630189503709,4.171205383130949,0.5109314997565665,9.094657340584552,1010.7380958034568,94.13150684931507
275,N80,0.5618798507462687,59.928859,9.963443,HDAM,2.2920548380237737,5.4146026270642675,1.5552054314427588,10.585999771478038,1010.6569996454945,97.17260273972603
276,N81,1.8980740000000003,60.084174,9.816174,HDAM,2.400273998959424,4.688356035968212,0.7878355967927061,10.187260009817882,1010.7087812031785,95.61643835616438
277,N85,0.8136210392902408,60.58251800000001,5.54282,HDAM,11.435342631927908,6.734958749085869,4.084301272713362,9.835095672595175,1010.1117955037993,80.92054794520548
278,N88,0.5334640968787311,60.554264,6.029859,HDAM,9.260274102589856,2.980821842480808,0.6784931297579857,5.995972467693564,1010.4041238027077,79.43013698630136
279,N89,5.691142658315936,60.872580000000006,5.594089,HDAM,11.66054816760429,5.16794510998138,2.806219116608574,8.124821731346112,1009.928505424604,80.64657534246575
280,N90,17.737089201877932,60.923999,5.98594,HDAM,9.483561796358186,3.048767037577417,0.8281369481797087,5.784903974698422,1010.1115202603274,80.0027397260274
281,N91,0.6860333253416447,60.96065400000001,5.702609,HDAM,10.592602964949934,3.2814246040041724,1.1687670933822654,5.938739571832631,1009.989880705533,79.86849315068493
282,N92,1.39164039408867,61.716661,5.236697,HDAM,9.138356301555895,5.962794380844252,3.847616361326551,8.75389020456741,1009.0071365983518,82.90958904109588
283,N94,1.8922787610619467,61.61468000000001,5.678051,HDAM,9.631507003960545,4.882383456173009,2.6977533843062105,8.125780613506086,1009.3671371668986,81.73972602739725
284,N95,0.6233960451977401,60.55784,6.211286,HDAM,7.763835758542362,1.9956437973229035,-0.1872328827438289,4.991725899631234,1010.5115200931078,79.7095890410959
285,N96,4.069222891566266,60.662251,6.118739,HDAM,8.100548064545409,4.09331499157499,1.4951780496139642,7.630383373480545,1010.4567242348031,80.44657534246575
286,N97,0.6636363636363637,60.738548,6.261966,HDAM,8.035068620394354,1.3218629863266258,-0.7603835475159018,4.009698537288055,1010.4578228676156,80.0931506849315
287,N98,4.543368700265253,60.50696800000001,7.140933,HDAM,4.147123381781252,0.7399725881341386,-1.8697807862589213,3.57353417506467,1010.7657671366652,82.81917808219178
288,N99,7.190215789473685,60.507421,7.1407050000000005,HDAM,4.147123381781252,0.7399725881341386,-1.8697807862589213,3.57353417506467,1010.7657671366652,82.81917808219178
289,N100,1.7663117870722431,60.575845,6.921271000000001,HDAM,4.841917889902036,5.612602609059174,2.6459725357541073,9.036958697269837,1010.7413828392552,83.88219178082191
290,N101,5.045748337028825,61.021374,6.567662,HDAM,6.669315180386582,4.338958794036753,1.9584109145331465,7.228438193453093,1010.2780937299336,82.24109589041096
291,N104,4.966358078602621,60.80433100000001,7.378572,HDAM,4.209589096781325,1.1277807918313432,-1.601616407451156,4.122958826937087,1010.4734383360981,83.65205479452055
292,N105,12.929139175257733,60.8525,7.300704,HDAM,4.209589096781325,1.1277807918313432,-1.601616407451156,4.122958826937087,1010.4734383360981,83.65205479452055
293,N107,4.18243359375,61.218821,6.063636,HDAM,9.331780973689197,3.234520481950412,0.8958355937714446,5.7184656379106515,1009.9186443172089,80.53972602739726
294,N108,3.834784810126582,61.218879,6.063321,HDAM,9.331780973689197,3.234520481950412,0.8958355937714446,5.7184656379106515,1009.9186443172089,80.53972602739726
295,N109,3.2044096185737976,61.350357,6.5737619999999986,HDAM,7.447123419911894,2.56254787818618,0.16178081928152743,5.431753310969431,1010.0657656316888,81.72328767123288
296,N110,6.596549056603774,61.27795,7.150453999999999,HDAM,3.865753508512288,4.584876618631286,1.7762739302207755,8.106821712826008,1010.4074123434824,84.92876712328767
297,N111,17.280908496732025,61.176752,7.626967,HDAM,3.15150689515349,0.05791780809833579,-2.7842191124411477,3.404520457983017,1010.5076837409033,85.07123287671233
298,N112,1.3089819999999999,61.445797,6.009602,HDAM,8.981370054532404,4.768273874765185,2.1995889774842623,7.913314892392452,1009.7539861809718,81.47123287671234
299,N113,2.0196506024096386,61.520817,7.308742,HDAM,4.2427398067631135,-0.050328780118733235,-2.872301310749903,3.1176163810369086,1010.3931642297196,84.51780821917808
300,N114,6.676898444647758,60.529495,7.748357,HDAM,2.5287671568459027,-0.5694520378051555,-3.432438280270116,2.6696985670811917,1010.7169975385274,84.30958904109589
301,N115,0.4458977900552486,60.502858,7.862397,HDAM,2.332876744743896,-0.7680547666212876,-3.4985752709158886,2.386109527180048,1010.7479599208048,84.63013698630137
302,N116,2.3118033766233768,60.567368,8.410259,HDAM,1.9520548302833347,1.7164109052656449,-2.4440821276748017,6.033013561572114,1010.8389171861622,91.3945205479452
303,N118,0.6709848375451263,60.62675,8.181678999999999,HDAM,2.361369898874466,1.400082169871216,-1.9768766537002505,5.112054670739868,1010.705767236997,86.78630136986301
304,N119,1.1962053543307087,60.626677,8.182144000000001,HDAM,2.361369898874466,1.400082169871216,-1.9768766537002505,5.112054670739868,1010.705767236997,86.78630136986301
305,N123,14.508701472556892,61.061044,7.822617,HDAM,2.632602778689502,1.0575342088376414,-2.4695615967454976,4.5275341556956095,1010.6213845448951,85.40821917808219
306,N124,0.9649617647058824,60.929748,8.422632,HDAM,2.2391781214165363,0.37693149194325487,-2.3204383139587836,3.6331232082455944,1010.451520862318,90.2986301369863
307,N125,1.1757,60.80241700000001,8.638246,HDAM,2.2813698909054065,1.3205753218076408,-2.2251780305874265,5.455780698915254,1010.3419334934182,91.13424657534246
308,N126,0.6820748633113697,61.19814100000001,8.382166999999999,HDAM,2.0797260586529562,0.14484932868652148,-3.2790958145709888,3.6575615645220427,1010.7348080987799,88.20821917808219
309,N127,3.780850000000001,61.141694,8.878446,HDAM,2.1361644139028577,2.4406848664969614,-1.3221917459205406,6.79953410331517,1010.490700583262,89.93698630136986
310,N128,0.6190866274179982,61.25827099999999,8.757071,HDAM,2.2506849731484504,0.8038355892753765,-2.534219117875989,4.361862917764954,1010.3764533055971,89.45753424657535
311,N129,48.854201388888896,61.504615,7.706136999999999,HDAM,2.6178082595132803,0.9784383308244486,-2.6806300777278533,4.495588942943779,1010.5846704770441,86.15342465753425
312,N130,1.1728657628128722,61.481479,9.314391,HDAM,1.9846575622689233,1.2635890367657763,-2.6861095417954335,5.513698505804147,1010.1186418089148,89.03835616438356
313,N133,1.3527323999999998,61.00656899999999,10.031814,HDAM,2.3641096144506375,2.382547877101253,-1.2585752937891712,6.413808048261355,1010.3852176195954,92.40547945205479
314,N134,1.6664840294840295,61.115301,10.454126,HDAM,1.1635616630724033,3.1744382920024328,0.1256438216883434,7.450219009010351,1010.2808349609375,95.18356164383562
315,N137,40.6289389067524,61.564563,9.792926,HDAM,1.9441096186637878,2.037506776782748,-1.784301324290772,6.496219029114263,1010.4980965392231,90.30958904109589
316,N139,2.2046689734717417,61.768853,5.304794,HDAM,9.842191940137784,4.160109504067326,2.323232823875669,6.576082037236184,1009.0665898571276,81.86301369863014
317,N140,0.9866560283687944,61.768853,5.304794,HDAM,9.842191940137784,4.160109504067326,2.323232823875669,6.576082037236184,1009.0665898571276,81.86301369863014
318,N141,4.920616822429906,61.77111,5.2976230000000015,HDAM,9.138356301555895,5.962794380844252,3.847616361326551,8.75389020456741,1009.0071365983518,82.90958904109588
319,N142,2.8132765432098767,61.801737,5.669954,HDAM,8.936164537521258,5.043534154700089,2.830547884928241,7.988301197495566,1009.1093268407534,82.3013698630137
320,N143,3.7538385518590993,61.801737,5.669954,HDAM,8.936164537521258,5.043534154700089,2.830547884928241,7.988301197495566,1009.1093268407534,82.3013698630137
321,N144,3.2171078431372546,62.020561,5.839346,HDAM,7.871506997003947,4.732273872553894,2.379917752099772,7.686986127837676,1008.9945355977097,82.74520547945205
322,N145,2.25787728026534,62.107524,6.571821000000001,HDAM,6.334246683773929,4.807862923687248,1.9726848825710277,8.280547777920553,1009.1306965031036,84.97808219178083
323,N147,7.416874285714287,62.232416,7.430165,HDAM,3.957260353107975,1.2956712054624542,-0.9817534066532573,4.824821823447534,1009.1432996776006,86.56164383561644
324,N148,10.7532,62.205012,7.445873,HDAM,3.957260353107975,1.2956712054624542,-0.9817534066532573,4.824821823447534,1009.1432996776006,86.56164383561644
325,N149,4.689497757847533,62.195096,7.517685,HDAM,3.7263014539668005,-1.3952602426891458,-3.10610950111016,2.43597255103188,1009.6205608211152,87.47671232876712
326,N150,1.8735383333333333,61.899278,8.227095,HDAM,1.952876749348967,0.23717807818153133,-3.414109531713471,4.092301278872645,1009.3512459532856,90.5041095890411
327,N152,0.5581369230769231,61.817179,8.951578,HDAM,1.3624657808917842,1.1734794080155353,-3.401424603159093,5.80158887791307,1009.4800107354987,91.5123287671233
328,N154,0.15779549929676512,62.508264,8.473486999999999,HDAM,3.436438402411056,1.536027362355835,-1.598136943129644,4.930684824833927,1009.0849453860766,94.18356164383562
329,N155,2.151594642857143,62.627288,8.893746,HDAM,3.23123293886446,1.680191751329662,-1.367945170336186,5.3640546934143325,1008.9465877167166,94.44383561643835
330,N156,39.8294623655914,62.664258,8.514969,HDAM,3.838904182878259,3.527999932186244,0.16484929791664424,6.995013541391451,1008.9101505645334,94.45479452054795
331,N158,8.422303999999999,63.038848,8.655876,HDAM,5.180822002561125,5.101945079393583,1.838273924471785,8.909506636061897,1008.4542610900043,92.56986301369864
332,N159,0.33061658536585364,62.933703,9.125257,HDAM,3.61041102491013,2.880767064199668,-0.10967122667456326,6.7159724341935085,1008.6326161841823,92.66575342465754
333,N160,4.989034636871509,63.001093,9.020321,HDAM,4.363287768788534,4.248136895670466,1.0985479286782545,8.10186282520833,1008.5287808352954,92.54520547945205
334,N161,2.0412712418300654,62.185692,10.611858,HDAM,1.5750685265619462,0.3364931311713506,-3.8263560728973722,4.489534149757803,1010.7846698081656,92.91232876712328
335,N162,1.1479575757575755,62.621834,10.257691,HDAM,1.9463014143787019,0.04821918076542142,-2.563616378421653,5.438712198481168,1009.5871357956978,93.86849315068493
336,N163,1.1139566666666667,62.66241700000001,10.139673,HDAM,1.8942466032015135,0.35709589701401045,-2.228136944612616,5.8164930210333985,1009.4805612224422,94.06027397260274
337,N164,2.3029166666666665,62.915995,9.680167,HDAM,2.7843836095235117,3.362739657682099,0.3098356059152786,7.62306833483585,1008.8071354278146,93.37808219178082
338,N165,5.340004,63.113494,10.478311,HDAM,3.2794521070506475,3.28134240339676,0.4837534129211347,7.5717258749912455,1009.1285064279217,92.20821917808219
339,N169,3.7482578397212554,59.128023,11.43825,HDAM,2.302739776977121,6.517314938481336,3.9659999202783793,10.386164145957526,1010.2282311844499,103.62739726027397
340,N173,0.44435975609756095,60.027536,11.323332,HDAM,1.8673972925094708,5.537588925317746,1.7623013155509348,10.073753193413761,1010.6975473900363,98.8958904109589
341,N178,0.932,61.163873,11.456755,HDAM,1.9153424979889229,2.636931432487622,-2.6870136538392875,7.762602571367401,1011.6517952696918,95.63561643835617
342,N179,1.1559275471698114,61.237602,11.517878,HDAM,2.0306849698497826,2.0128492898932877,-2.4040821523443885,6.785753288206784,1010.975082773705,94.73972602739725
343,N182,0.15257152000000002,62.996363,11.826643,HDAM,2.6082192324612237,1.2137533994621201,-2.4107122851969445,5.043643731807601,1009.4369988428404,92.83287671232877
344,N184,3.0963089552238805,63.300242,9.136845,HDAM,0.0,0.0,0.0,0.0,0.0,0.0
345,N189,1.69391437142078,63.355502,10.448813,HDAM,3.217534301460606,5.412301270801523,2.746575284728857,9.013972398863263,1009.020562158872,92.24383561643836
346,N190,1.6381647331786542,63.19240600000001,10.956678,HDAM,2.6854794961132415,3.4055889582797274,0.13101370479044033,7.659260049778713,1009.283848091021,92.69041095890411
347,N191,0.8621621621621621,63.637554,10.132666,HDAM,4.2898630929319825,5.402383434384653,2.875068432511124,9.07846554473859,1008.5359018822239,89.94520547945206
348,N192,0.7683,63.726499,10.865013,HDAM,4.081095951877228,4.677972501470414,2.6194246109932253,8.586355981802287,1008.7504235672624,89.82739726027397
349,N193,4.360443548387097,63.927744,10.233434,HDAM,5.480822009256442,5.631013568490744,2.811287595112234,9.34873953147804,1008.2153551075556,90.14794520547945
350,N194,1.721029082774049,63.84786999999999,10.682239,HDAM,5.101643917658557,4.124986231235201,2.583205424198141,8.436191575315922,1008.537272414116,89.05753424657534
351,N197,1.0593125,63.44024399999999,11.742539,HDAM,3.0901370476369987,3.538602667955095,-0.11172601491314908,7.6536984581704415,1009.2709728502248,91.86027397260274
352,N198,0.9103553333333334,64.228736,12.025878,HDAM,4.227397317429111,3.1762739020412507,0.6649588871951381,6.809123148789553,1008.7159040895227,88.69589041095891
353,N199,1.5300785123966942,60.805201,7.3773050000000016,HDAM,4.209589096781325,1.1277807918313432,-1.601616407451156,4.122958826937087,1010.4734383360981,83.65205479452055
354,N200,0.8978549883990719,60.958423,9.300065,HDAM,2.0180822158513005,2.797534175533546,-1.299780810027294,6.857013553049263,1010.7896036226456,90.51780821917808
355,N201,0.8528301217038541,60.857432,5.696332,HDAM,11.404931682593203,3.9592875976880935,1.718986247862651,6.729150532160515,1009.9972756581764,79.86027397260274
356,N202,30.653742110009016,60.87005799999999,5.596857,HDAM,11.66054816760429,5.16794510998138,2.806219116608574,8.124821731346112,1009.928505424604,80.64657534246575
357,N204,0.4162433712121213,59.204847,7.8351229999999985,HDAM,3.4290411656033504,2.882630066093925,-0.8089588902176243,7.0825477880974335,1011.2024786962222,84.88219178082191
358,N205,0.8143311999999999,59.310502,9.045155,HDAM,2.8720548445231295,5.9134793136217825,2.0805752981403103,10.664465495382679,1010.7597398731807,97.56712328767124
359,N206,2.143009049773756,60.911585,9.368901,HDAM,2.0180822158513005,2.797534175533546,-1.299780810027294,6.857013553049263,1010.7896036226456,90.51780821917808
360,N209,3.1396276595744683,58.55796700000001,7.3671820000000015,HDAM,5.837534349421932,5.088958776629951,1.7489314777751084,8.85419158101184,1011.2915194576734,81.08493150684932
361,N210,4.299392293114339,62.500671,7.776139,HDAM,4.587945304178212,4.408109480877445,1.4352876385393207,8.28304090924459,1008.9912450502997,89.52328767123288
362,N215,17.811405263157894,63.032064,11.703242,HDAM,2.7249315495360387,1.521725994088266,-2.1089588613542793,5.42304098240725,1009.3397387360874,92.71506849315068
363,N216,3.3085,63.032098,11.703237,HDAM,2.7249315495360387,1.521725994088266,-2.1089588613542793,5.42304098240725,1009.3397387360874,92.71506849315068
364,N217,0.9619701030927834,59.658147,6.985078999999999,HDAM,5.654520644880321,2.1745479000043377,-0.8908492956055354,5.468766996596162,1010.8537137802333,78.6082191780822
365,N218,0.9763831347387718,60.208303,10.239006,HDAM,2.156438398197906,4.816794404504846,1.236109558008101,9.538438165912481,1010.7211096358626,96.26849315068493
366,N219,4.466450867052023,60.440009,5.860706,HDAM,11.315890562697632,4.374739624008741,1.8846848826498201,7.504328604864135,1010.3339862144156,79.32328767123288
367,N221,1.9734271099744245,60.974958,6.062494999999998,HDAM,9.016986456962481,2.3999177546380728,0.28128766075593153,4.983725912384179,1010.1646718482449,80.01095890410959
368,N222,2.103958925750395,59.187073,8.039686999999999,HDAM,3.302191846501337,4.501780725367469,0.7863561629126333,9.1752326952268,1011.1665900243472,88.95068493150686
369,N226,1.7893593919652553,60.464283,5.915178,HDAM,10.017808394399408,3.2035615724906936,0.8754520367116553,6.122219043628198,1010.3720689747431,79.01917808219179
370,N229,2.351090243902439,60.255341,5.740831,HDAM,11.924657713958663,5.7173971141599225,2.9591232177278357,8.960109410179804,1010.3090547744542,79.62739726027397
371,N230,3.014168152866242,59.636706,11.154443,HDAM,2.5161644159931025,5.810766977081968,1.991260253893186,10.365588787810443,1010.5356289798266,100.65479452054795
372,N231,2.6778074074074074,58.478973,6.0309940000000015,HDAM,6.936712447421192,7.917397076457943,5.7762464415026855,10.247972358334554,1011.2567262414384,83.17808219178082
373,N236,62.547530769230775,64.703361,12.836591,HDAM,4.098356240742827,3.344410873398389,-0.09682191259750765,7.185972436874697,1009.0654930637307,88.26027397260275
374,N237,0.29722043230016315,64.695063,13.64173,HDAM,2.6791781356889905,2.2122465330239844,-0.8424383408504806,5.580712177573818,1008.85891648384,88.76986301369863
375,N239,0.17890060483870968,64.886275,13.562079,HDAM,3.169315117189329,2.070986240214273,-1.0917260025257933,5.571753307482967,1008.9249429781142,88.23561643835616
376,N240,2.9189994683678897,65.20919599999999,12.796868,HDAM,5.584657643919122,3.5716985489713817,0.6309588854851788,7.110629979327117,1008.5038482247967,86.78356164383561
377,N241,1.7150816053511706,65.80354399999999,12.72901,HDAM,5.521369950738672,4.3833697604194075,2.012273930987879,7.326986138767576,1007.8178207606486,87.75890410958904
378,N242,0.3520906604142243,65.88709200000001,13.800660999999998,HDAM,4.160548006671749,2.0658355802501718,-0.5333972687743707,5.340219059081314,1008.3430271096425,86.98904109589041
379,N243,5.214210144927536,66.053038,13.336591,HDAM,5.540000084654926,3.2246848429412873,0.6716986024012305,6.439123139642689,1008.0397387360873,88.33150684931506
380,N244,105.31578947368419,66.052027,13.774634,HDAM,4.657534325612734,2.6393150131281926,0.1423561617987205,5.90794508254079,1008.2342597856914,87.72054794520548
381,N245,3.222005555555556,66.310342,13.563553,HDAM,5.9101370850654495,2.9861095260624606,0.7837808010819024,5.644657394876831,1007.9016563101991,88.61643835616438
382,N246,0.8949823529411765,66.06270699999999,13.997822,HDAM,4.4169863642078555,1.2855616265474117,-0.7286301088506637,4.269972512447467,1008.3000120398117,86.4
383,N247,5.673861111111113,66.336842,14.166999,HDAM,4.225753495791187,3.3999725369353815,0.39101369122221863,6.796547800919985,1008.294260354238,88.12602739726027
384,N248,0.7713972972972972,66.375658,13.657310999999998,HDAM,5.596986374953022,3.0173423968153457,0.7504383358798207,5.744904008385253,1007.9682321208797,88.2986301369863
385,N249,2.029126213592233,66.645942,13.560479,HDAM,6.0542466878890995,4.622794419384166,1.2428492844461987,6.416821764496295,1007.4515206950985,90.26575342465753
386,N250,0.7034073017683969,66.724624,13.941961,HDAM,5.266849427517147,0.9416986065164005,-0.5597808031952136,3.3851232139470233,1007.5030268420912,87.33698630136986
387,N251,2.1116150375939853,66.97119599999999,14.157405,HDAM,4.454520614833048,3.69980813424575,1.407287633755844,6.286739589692387,1007.3638486261237,88.65753424657534
388,N252,0.7621548183254344,66.951346,14.2253,HDAM,4.5504110321606674,1.8700547589269811,0.1423013637837482,4.534684819840405,1007.4213837087971,87.23835616438356
389,N253,1.3689214285714286,67.129685,14.955135999999998,HDAM,3.0432877132337386,3.287643754737426,0.7328766983206549,6.579835473368429,1007.6353552413314,88.96438356164384
390,N255,1.6749009321878998,67.323103,15.722385999999998,HDAM,4.695068574931524,-0.034273982032725255,-2.850602688528087,3.0431780150083645,1007.7022078004602,88.9972602739726
391,N256,0.4923076193487196,67.082708,16.055170999999998,HDAM,3.4841096535120926,-0.44591779276116256,-3.8287122357177408,2.902219119076043,1007.8559066981486,88.25479452054795
392,N258,0.7667128964059197,67.12091099999999,16.120824,HDAM,3.687671282928284,-1.6880547488797202,-4.562684831732552,1.4188218829158235,1007.8265882518193,87.95068493150686
393,N259,0.4504112068965517,67.355703,14.8518,HDAM,3.323013749841141,3.5980547198387858,1.6684657219542216,6.665972464842952,1007.4531658015839,89.41643835616438
394,N260,0.5079543360433604,67.62162099999999,16.007076,HDAM,4.352328836264675,0.7464109680883281,-2.192027352852364,3.484520452602269,1007.4583701773865,89.15890410958905
395,N262,0.9479835294117648,67.807909,16.115713,HDAM,4.063561710756119,0.824630114002383,-1.910082149347418,3.3493423815561485,1007.3120667340004,88.79178082191781
396,N263,1.1224597402597405,67.824218,15.993795,HDAM,4.361917889608096,2.8929862299857483,-0.0951780692559399,5.643287527979645,1007.2915201265517,90.10684931506849
397,N264,2.8434439252336445,68.06065600000001,16.668725,HDAM,3.0969863566633773,1.9054793999772774,-1.4528766893360712,4.562438244944158,1007.2197404417274,89.24657534246575
398,N265,3.1279595588235294,68.20108499999999,17.36584,HDAM,2.4257534709695268,3.030630064031033,-0.7889862864137921,5.853232752633829,1006.9909738200985,91.18904109589042
399,N266,2.046,68.536733,17.028622,HDAM,3.0372603303765597,1.868273933548225,-0.8353972506492513,4.5147122117856595,1007.1893273758561,89.54794520547945
400,N267,0.8618125,68.403304,17.421529999999994,HDAM,0.0,0.0,0.0,0.0,0.0,0.0
401,N268,2.5970252897787143,68.397625,17.799681,HDAM,2.2895890838479342,-0.9955616221444248,-3.2556163665927844,1.8802739414144052,1006.7022051249465,89.24109589041096
402,N269,1.0488165803108809,68.475637,17.626088,HDAM,2.956712387849207,1.6011506436877463,-1.0059177925937797,4.641588945110163,1006.9024776929045,90.25205479452055
403,N270,4.529073469387755,67.451702,15.742424,HDAM,4.661369956846107,1.6395889955687604,-1.4620547501599952,4.795972491571144,1007.6085098057576,90.02191780821917
404,N271,0.4871969814995131,68.657726,18.821514,HDAM,1.6068493395635526,-1.68027393772994,-4.876958800393016,1.7715342007373294,1007.6734375,88.95890410958904
405,N274,0.9179594694178336,68.87546999999999,19.559838,HDAM,1.5991781089403858,-0.453123289535511,-4.670301269995023,3.7103560823794095,1007.9556287791631,90.1041095890411
406,N275,2.3384361263736264,69.312883,20.34206,HDAM,1.1868493329988767,1.2541917538193808,-2.2303835220941126,4.492273863777518,1007.5208345596104,89.25479452054795
407,N276,2.5256731054977712,69.45675899999999,20.909812,HDAM,1.32821920212001,-0.49391779811823205,-3.4446300740111364,2.3212328242622826,1007.5304244368043,88.0986301369863
408,N277,1.199242718446602,69.68426099999999,22.154025,HDAM,1.6610959193477892,-1.1112328551862747,-3.2212875844221815,1.8236438049947563,1007.8534377006636,86.20547945205479
409,N278,5.647020740740741,69.718538,23.807803,HDAM,1.4191781048905359,-1.749150640435823,-5.457999850329879,2.3304930722315427,1008.1490547075664,85.92054794520548
410,N279,1.1232596153846155,70.401409,23.627291,HDAM,0.0,0.0,0.0,0.0,0.0,0.0
411,N280,8.495562231759656,69.71935400000001,22.057419,HDAM,1.516986325668962,2.4146300896645,-0.2921369881662604,5.5551505644844,1007.712615883187,88.64109589041095
412,N281,0.10752347242921012,69.372939,29.694000000000006,HDAM,1.3879452346122427,-0.15208219840918502,-4.417890317248155,3.81797251457425,1008.3389156811858,86.58082191780822
413,N283,0.5549819308208571,70.409576,26.701874,HDAM,1.5295890679098156,0.6273150608606942,-2.2433424240156805,4.075150608041719,1007.5843975746468,85.12328767123287
414,N284,0.2604506976744186,62.673965,11.454045,HDAM,1.842191804761756,0.6447397137035246,-3.3946848728732295,4.951287558547234,1010.2060394705159,94.02191780821917
415,N287,13.500833333333333,61.841526,5.802617,HDAM,8.783561771209925,3.835013626796538,1.7783835207813814,6.270766979282441,1009.2496035223138,81.71780821917808
416,N288,4.629383783783784,60.44,6.412634,HDAM,6.889041201545767,3.473205408698892,0.8878355879795878,6.501698479668735,1010.5137111716075,80.2958904109589
417,N289,3.9469806697522474,61.297126,7.849949,HDAM,2.7654795169217947,-1.2143013531724884,-4.1040821173164534,2.0617807807681494,1010.7553575489619,86.26575342465753
418,N290,2.5340926966292128,61.4371,7.2347899999999985,HDAM,4.3600000742363605,3.4753697788215256,0.06863013233428132,7.086191623657942,1010.40001270869,84.73972602739725
419,N291,1.070752635449865,66.294966,14.270422,HDAM,4.119452131121126,1.6271506345486395,-0.809534243928039,4.727177987171158,1008.3567257397796,86.14246575342466
420,N293,2.5119447513812148,62.149826,7.43549,HDAM,3.731506908307337,-0.07123288125412106,-2.134136941350282,3.6465478713994157,1009.5197377662137,86.61643835616438
421,N294,3.090560997328584,59.04381600000001,6.6465429999999985,HDAM,7.703835751299989,3.405150606263786,1.2268492872227137,6.34657519828171,1011.4539861809717,77.95890410958904
422,N295,5.579211764705882,66.796875,14.000939,HDAM,5.081095970983375,1.0753150405540859,-0.2327397223408908,3.792602666936917,1007.5622055262736,87.03561643835616
423,N296,3.4227180989583332,59.625305,7.853282000000001,HDAM,2.9589041538434486,2.5862191262157403,-1.3025205016748547,7.0407943764369785,1010.8526166523973,84.94520547945206
424,N297,0.6575172054223148,60.978203,6.516092,HDAM,7.268493294715881,0.8122191660616496,-1.0847945063081506,3.3189588311192106,1010.3682332914169,81.4876712328767
425,N299,0.5460162444401471,59.736731000000006,7.434555,HDAM,2.9668493730768764,1.537561613193726,-2.33024652949343,5.438410838902609,1010.6378217305222,79.82191780821918
426,N301,207.83419642857143,59.445572,8.040303,HDAM,3.4419178523429452,3.0391780227320653,-1.1504383068531752,7.792383392195996,1011.1830265410958,88.4904109589041
427,N302,2.325365979381443,59.496878,7.829058,HDAM,3.4997260972245097,2.7797807615454473,-1.32567119997454,7.255451887636765,1011.0824807363014,84.98630136986301
428,N303,4.049006622516556,59.46516,7.932223,HDAM,3.5756165123965644,3.4065478761514574,-0.8344657366814678,8.18082171907674,1011.1298761237158,87.06575342465753
429,N306,2.8296132872503845,59.885372,8.673893,HDAM,3.336712374425914,2.0481369391338875,-0.9491780636245257,5.744328650296347,1010.5904231659354,94.57534246575342
430,N307,0.6256030614654673,58.881372,6.817814,HDAM,5.990685023510292,3.2795889700112277,0.23175341214933623,6.84304095093314,1011.4238483585724,78.99178082191781
431,N308,1.8308433734939757,61.937434,7.886852999999999,HDAM,2.057808253291535,1.3537259999764701,-2.1441369359623894,5.368547826357288,1010.0591918945313,89.21917808219177
432,N310,6.03185,63.986371,11.094741,HDAM,0.0,0.0,0.0,0.0,0.0,0.0
433,N312,1.35,59.159053,6.612866,HDAM,7.489041254455096,2.439643782734463,0.2874794460118633,5.179314959600363,1011.4852181212543,77.6
434,N313,31.799107142857146,59.844023,5.994117,HDAM,12.064931709064195,5.2523560525058475,2.6053698057283277,8.760246401550631,1010.5772755244006,78.40273972602739
435,N318,29.16623229461757,59.639932,6.379562,HDAM,10.205205611823356,5.7274245148141905,3.296082117847384,9.04175321737381,1010.8263148477632,77.96164383561644
436,N320,7.752667922159448,61.511812,6.60963,HDAM,6.916164518709052,0.5205479209145455,-1.6040821552888989,3.017999934047869,1009.9465888872538,82.34246575342466
437,N321,3.7782340862422994,59.00283100000001,6.081568,HDAM,9.159726184198302,7.09665738183954,4.558383437720676,10.075534022543325,1011.1471363642445,77.63835616438357
438,N324,9.095744680851064,61.23865,6.15936,HDAM,8.992054965234782,2.4994245952122833,0.29339725043981857,4.801698531164495,1009.9616553737693,80.47123287671234
439,N326,0.2070063694267516,66.057335,14.243865,HDAM,3.906575415559011,-0.6005753225761734,-2.0671232442384304,2.1451780394536177,1008.3638492950022,85.55890410958904
440,N332,2.254610886189833,58.391758,7.894413,HDAM,5.091232974888527,6.492328617721796,3.423150619053065,10.507780557758595,1011.2060408082726,89.05753424657534
441,N333,105.31578947368419,66.052217,13.772272,HDAM,4.657534325612734,2.6393150131281926,0.1423561617987205,5.90794508254079,1008.2342597856914,87.72054794520548
442,N337,0.44435975609756095,60.029155,11.319597,HDAM,1.8673972925094708,5.537588925317746,1.7623013155509348,10.073753193413761,1010.6975473900363,98.8958904109589
443,N343,2.6978417266187047,59.065338,6.632272,HDAM,7.703835751299989,3.405150606263786,1.2268492872227137,6.34657519828171,1011.4539861809717,77.95890410958904
444,N345,0.21618271428571428,59.128898,6.892177,HPHS,6.035890527457407,1.6741369423851984,-0.6564657443955745,4.469616337794147,1011.5378230682791,78.03013698630137
445,N346,0.429008676092545,59.479142,6.692334,HPHS,7.856712457578476,2.641862953270543,0.21306849277182802,5.6487396192826225,1011.2668634284032,77.53150684931506
446,N347,0.1984636363636364,60.191554,6.389273,HPHS,7.9446576836990985,2.6380273279925324,0.17950684015371213,5.660356030602978,1010.4912468897153,78.61917808219178
447,N348,0.277904347826087,61.00358000000001,8.068592,HPHS,2.289041138266864,-0.943342451746129,-3.8275341836863186,2.2389862460888,1010.7304239351455,86.37808219178082
448,N349,0.4270417163289631,61.56590500000001,7.866189,HPHS,3.080274025381428,-1.4435068165806875,-4.25405469952687,1.670219141050969,1010.6145347281678,87.07945205479452
449,N350,0.2907663551401869,64.046234,11.082015,HPHS,4.634794599062776,4.129945099853898,2.219342426700543,7.925972423018658,1008.4797396725171,88.9013698630137
450,N351,0.3797459821428572,60.79813100000001,7.5714070000000016,HPHS,3.244657602865402,-0.9258629893195139,-3.631205392394164,1.7479177629345493,1010.5268626591931,84.46301369863014
451,N352,0.4232422680412371,63.39412,11.913236,HPHS,2.578630186107061,2.5594245974331686,-1.3493150443042794,6.283205349457591,1009.0183695753959,91.72602739726027
452,N353,0.7933424124513618,60.892783,6.065016,HPHS,9.128493314573209,2.426767058981812,0.27978082196149107,5.215561515307182,1010.2501488254495,79.8986301369863
453,N356,0.1433567921440262,58.418928,6.109621,HDAM,7.655616578173964,7.399862856815939,5.0499998917420434,9.988794290866345,1011.2761777276862,82.22191780821917
454,N358,1.1074415584415584,58.828059,6.055009,HDAM,9.046301516033198,6.999177935959337,4.448986199641064,9.826383338021497,1011.218645153307,78.0958904109589
455,N362,1.5138969957081545,58.281282,6.815432,HDAM,7.659452193240597,6.883588881974351,4.022301271042391,10.214246341055386,1011.2380951345783,85.30958904109589
456,N363,1.518838383838384,58.222591,7.335344,HDAM,5.704931596697193,6.695205327649027,3.59010950922966,9.832027157329737,1011.2619337944135,85.02739726027397
457,N365,0.2670666666666667,58.662373,6.617867,HDAM,7.839178225438888,5.16191767591932,2.0888218823207976,8.812383357976397,1011.3805612224422,80.0931506849315
458,N366,0.5124575,58.716308,6.632331,HDAM,7.508219295658478,3.870027303042477,1.0829314838023218,7.301068318829144,1011.3898750200664,79.11232876712329
459,N368,0.530688,58.752982,7.857013,HDAM,4.090137080460378,5.201588922693101,2.225972547897533,9.266465515112632,1011.1830288821703,86.05753424657534
460,N371,0.04650614250614251,59.00784300000001,8.551741,HDAM,3.493972659437624,5.275972474943081,1.6583835241116889,9.286794335456335,1010.950700148491,96.01095890410959
461,N375,0.07174,58.96678000000001,9.313175,HDAM,3.189041159250965,6.340164237571497,3.8942191069869145,10.949999784999719,1010.6805610552226,98.58630136986301
462,N377,0.19597272727272727,59.052673,10.018279,HDAM,3.0772603100293305,7.945013508848744,4.482219089047141,11.338520315820224,1010.5937090311965,103.02739726027397
463,N381,1.4244632352941176,59.874725,6.074132,HDAM,11.94684951158419,4.593753332859033,2.0684931135851228,7.99887653952592,1010.6087813703981,78.02191780821917
464,N390,0.16833991228070175,59.674308,8.558894,HDAM,3.412328810397893,2.616027351785196,-0.6756712213158608,6.816383395966602,1010.8819325904324,95.57534246575342
465,N391,0.2910174897119341,59.71544100000001,8.699349,HDAM,3.3336986824257733,2.343890362039004,-0.5920821825935416,6.213835474562972,1010.733437065229,94.97260273972603
466,N396,0.2317589743589744,59.362264,9.663048,HDAM,3.3542466339999684,5.059917697244107,1.5218629745026566,9.742164179458193,1010.6764529711579,96.40547945205479
467,N397,1.2739161676646706,59.24281600000001,9.811942,HDAM,3.147123338424996,6.236986179583489,2.600219120988495,10.774931259749279,1010.684944382759,99.81917808219178
468,N399,0.16754779969650985,59.733039,9.872011,HDAM,2.0402740086594675,6.0428217795154415,1.6610684532876292,10.90665730874322,1010.6433018514555,97.76986301369863
469,N400,0.29573698630136985,59.43871600000001,10.668395,HDAM,2.524383594728496,7.379150513386073,4.7173971608179075,11.24936960737591,1010.6337136464576,104.2
470,N401,1.4145380710659898,60.053334,9.54561,HDAM,2.595068547497057,4.380136914418577,0.0699178053755058,9.966766898231963,1010.7443959693386,94.05479452054794
471,N402,1.1545104895104894,59.91378100000001,9.885792,HDAM,2.394520589750107,4.987232762008701,1.0253424497703982,10.278273757812503,1010.6772723472282,96.05753424657534
472,N403,0.6082957198443579,59.996669,10.749974,HDAM,2.484109638815057,6.532766997502887,3.5031232189846366,10.972766892734455,1010.4405614565496,99.34520547945205
473,N407,0.03731669114047968,60.227748,10.376135,HDAM,2.066849354521869,5.098410838770948,1.504054758947802,9.785999777229273,1010.7057674042167,96.94520547945206
474,N408,0.694025,60.420730000000006,10.384411,HDAM,2.096438387158799,4.2374519578806344,0.6507123114464626,8.879451859130027,1010.7027542741331,95.74794520547945
475,N419,1.04296875,61.16020500000001,5.478088,HDAM,10.896164567993111,5.635013559700488,3.244849254818608,8.571095705721271,1009.671247424818,81.74246575342465
476,N423,0.6854745762711864,61.44609200000001,5.335162,HDAM,9.8556166136918,5.9780546530162635,3.5927944256426536,9.228465563201741,1009.4274111395013,82.59452054794521
477,N425,1.6484052631578947,61.675014,5.783222,HDAM,9.546849499989863,4.911780711008261,2.6025752786291787,8.087123111946738,1009.4183680704195,81.6082191780822
478,N428,2.388247619047619,60.746899,7.134759,HDAM,4.503561716986029,0.1677534200761416,-2.1854520078391246,2.9333972047759245,1010.5649454195205,83.31232876712329
479,N430,1.840425,60.804002,7.35285,HDAM,4.209589096781325,1.1277807918313432,-1.601616407451156,4.122958826937087,1010.4734383360981,83.65205479452055
480,N431,0.5056752336448599,61.750061,6.276408,HDAM,7.126849414551095,4.46912320590999,1.950246525254764,7.2732601258342395,1009.5076837409033,82.83835616438355
481,N433,0.4509729119638826,61.16328299999999,7.750692,HDAM,3.0112329280539734,-1.2252328418297311,-3.842931424841693,1.8963835132193483,1010.6156308526862,85.86301369863014
482,N434,1.4817454545454545,61.176741,8.390972999999999,HDAM,2.0797260586529562,0.14484932868652148,-3.2790958145709888,3.6575615645220427,1010.7348080987799,88.20821917808219
483,N435,0.6936756756756757,61.651647,7.749792999999999,HDAM,3.180821968921243,-1.3031232566713062,-3.9416437582712467,2.0532054377643214,1010.3726167861729,87.2986301369863
484,N436,0.1808806161745828,60.667445,10.601301,HDAM,1.8684931848147144,3.9148492242987842,0.6527671218020459,8.216931322002656,1010.648780969071,95.9068493150685
485,N441,2.2796642335766424,61.240405,10.058534,HDAM,2.2364383968588424,2.4212054274619033,-1.0391506610259618,6.280575224282603,1010.4334384029859,92.24931506849315
486,N444,0.5342139037433156,61.124574,10.695165,HDAM,1.4068493357259932,1.8412602377417562,-1.0926301144318629,5.463369747899371,1010.5274109722817,94.2986301369863
487,N446,0.4539194630872483,61.999026,5.458976,HDAM,8.017534392010676,6.167671097304723,3.902958829751978,9.373972382651617,1008.7980941981485,83.81917808219178
488,N448,1.3827814569536423,62.166186,5.568516000000002,HDAM,7.721096021181917,6.131424533381854,3.6926574496220645,9.048876508401886,1008.5561785972282,84.55890410958904
489,N449,0.4516044444444444,62.256071,5.583927,HDAM,0.0,0.0,0.0,0.0,0.0,0.0
490,N452,0.92184,62.03365,6.395565,HDAM,6.683013816402383,4.347561552518443,1.7675342141306156,7.525671064578098,1009.208778026006,83.93972602739726
491,N455,2.3746792130025667,62.134142,6.299359,HDAM,6.504657636603264,5.182383439873588,2.372986250375844,8.625917602917307,1009.0761777276862,84.35890410958905
492,N457,2.0239691358024694,62.34751800000001,8.050175,HDAM,3.1345205973272456,1.6362465394227064,-2.0991780345417457,5.630575226308548,1009.383301617348,91.15342465753425
493,N459,0.3929203539823009,62.840822,7.701925,HDAM,5.404931602739308,5.161314948515533,2.6851232343391604,8.865999804294272,1008.5345335241866,89.48219178082192
494,N460,0.8393354037267079,62.833476,8.300592,HDAM,5.382465845591401,4.7645752321826675,2.336438315953702,9.26326005052622,1008.6268613214362,93.17808219178082
495,N461,1.5862761904761904,62.804585,8.502891,HDAM,5.03041103327111,4.565780726641621,1.4664383280971278,8.775232682162768,1008.6468629601884,93.69315068493151
496,N464,0.502275294117647,62.231331,10.342027,HDAM,1.5517808517364606,0.358657531440258,-3.9191505949178786,4.923314950615167,1010.5441220636237,93.35890410958905
497,N465,0.2172583333333333,63.111583,10.601726,HDAM,3.1786301883932664,2.267232812818599,-0.4287945215271352,6.47142449760784,1009.2115231030608,91.73698630136987
498,N466,0.9499921895339756,59.148451,11.556397,HDAM,2.305205521518237,6.326712179439117,3.6964930696642564,10.38736961787592,1010.2161766574808,103.72602739726027
499,N470,0.15017565485362094,59.4806,11.65264,HDAM,2.146849354489209,6.082027257820719,2.072027351513301,10.249725825676363,1010.3580962716717,102.46575342465754
500,N472,0.09504683648315528,60.286995,11.194128,HDAM,2.4972603133279985,5.4098354985962995,2.113479385402513,9.44199977977431,1010.7180946663634,97.77808219178083
501,N479,0.5632914572864323,63.293668,9.728589,HDAM,3.289863073825836,4.691506756990127,2.0951232416070487,8.825671051952936,1008.6611092345355,93.0958904109589
502,N483,0.4120153846153846,63.14048100000001,10.968042,HDAM,2.6854794961132415,3.4055889582797274,0.13101370479044033,7.659260049778713,1009.283848091021,92.69041095890411
503,N485,0.3651973333333334,63.848701,9.890697,HDAM,4.0443836365660575,6.647095724246273,3.9958903202302243,9.754766930655054,1008.1386417754709,91.62191780821918
504,N490,0.11003142536475873,64.843237,11.971394,HDAM,7.014246709869332,4.752547853623759,2.120739676650256,7.6539998110792,1008.4548077308968,89.01643835616439
505,N491,0.3671560178306092,64.838852,11.95325,HDAM,7.014246709869332,4.752547853623759,2.120739676650256,7.6539998110792,1008.4548077308968,89.01643835616439
506,N497,0.07676470588235294,62.133172,7.5592380000000015,HDAM,3.7263014539668005,-1.3952602426891458,-3.10610950111016,2.43597255103188,1009.6205608211152,87.47671232876712
507,N500,0.5968655462184873,64.46592,10.946658,HDAM,5.036986394287789,5.436630013197252,3.549205388363502,8.768054612205454,1008.1054913246468,90.30958904109589
508,N501,0.8101690140845071,64.42932900000001,10.959254,HDAM,5.036986394287789,5.436630013197252,3.549205388363502,8.768054612205454,1008.1054913246468,90.30958904109589
509,N507,0.28629794520547946,59.367561,7.892581,HDAM,3.596986382138239,2.3281369332836506,-1.4761095532509563,6.405342308120573,1011.156727244756,84.7068493150685
510,N508,0.0812430303030303,64.078152,11.632431,HDAM,3.0805479988659896,5.392739616150726,2.2627670700266345,9.070301135762097,1008.686588820366,91.91232876712328
511,N510,1.7776886035313002,59.323002,9.53647,HDAM,3.275342539891805,5.166465626238552,1.6895616226561674,9.863260080900094,1010.6770007825878,96.02739726027397
512,N515,0.3322689075630252,60.99510400000001,5.7228910000000015,HDAM,10.592602964949934,3.2814246040041724,1.1687670933822654,5.938739571832631,1009.989880705533,79.86849315068493
513,N517,2.8270384615384616,62.357548,6.894803,HDAM,5.471506942788215,4.4246848330412005,1.728520519465004,7.853479241564462,1008.9183689065176,85.76164383561644
514,N518,0.263752,63.027127,11.70028,HDAM,2.7249315495360387,1.521725994088266,-2.1089588613542793,5.42304098240725,1009.3397387360874,92.71506849315068
515,N519,0.39204054054054055,63.796846,11.816394,HDAM,3.136986348237077,3.9934519851197527,1.1912876454730557,7.738739557339721,1008.9202887548159,90.92876712328767
516,N520,0.20082233502538072,63.244057,10.16954,HDAM,3.176986364469136,4.607835519313812,1.5522465392028633,8.52408200420235,1008.9033025872218,92.5041095890411
517,N522,0.10139544962080174,61.029947,9.049017,HDAM,1.8701370324174018,2.870109528772635,-0.9494246329346748,7.519890232317864,1010.6397389033069,90.6
518,N527,0.20918525703200772,59.72911600000001,6.627519,HDAM,7.680548097336129,1.257643809506338,-0.8214246411437858,3.8456163638309664,1010.7835751886237,78.0054794520548
519,N528,0.26050980392156864,59.919097,6.187562000000002,HDAM,9.344109769390053,2.507095843461687,0.3300821844437351,5.447205345603089,1010.5545331563035,77.68219178082192
520,N529,0.40567741935483853,60.943698,10.745986,HDAM,1.5679452286191182,3.8885752569526844,0.4299726067391569,8.058438163189447,1010.5967263417701,95.92602739726027
521,N532,2.0212234042553194,58.358825,6.300171,HDAM,7.536986430867078,7.2310135336363155,4.613479352630165,10.091287462699087,1011.2608363321383,84.12602739726027
522,N538,0.7267277486910994,60.033452,12.371142,HDAM,1.8920548207139316,3.909041009414686,0.9059999890013101,9.900986095895506,1010.4808351281571,99.30410958904109
523,N541,0.06843545454545455,64.690137,13.215878,HDAM,3.506575409516896,1.5985204981716528,-1.0595068349005425,5.1841368431353,1008.9759038219713,87.8027397260274
524,N545,0.54025,66.822241,13.980626,HDAM,5.24493160737704,2.16871228511509,0.11257534045981218,4.404739615392604,1007.3496016828981,88.05205479452054
525,N546,0.97515,66.875106,13.84261,HDAM,5.363835707919239,4.37150675021112,0.726219169938401,5.830657399098759,1007.283575523063,89.13698630136986
526,N547,0.5392717391304348,66.88729599999999,14.153085,HDAM,4.766849398612976,2.2415067955137116,0.6503013496070283,5.002986177771467,1007.4737130779109,87.43287671232876
527,N551,0.14212527472527473,68.004201,13.161108,HDAM,3.4263014213271337,5.163314946853134,3.253150616759715,7.669205321340937,1006.7863135768943,93.92328767123287
528,N553,0.7882352941176469,68.362655,14.930794,HDAM,6.818082311790284,3.7178355368339036,1.723561608969961,6.08197245330435,1006.911245351295,89.63287671232877
529,N556,0.5198141025641025,68.586646,15.514319,HDAM,4.067397329905262,2.42558898801775,0.7503287399162168,4.7232601765390125,1006.9145357314854,89.11780821917809
530,N559,1.1337164179104475,68.61157800000001,15.58176,HDAM,3.7665754017764574,3.45175334802025,1.4688766663307196,5.885068362476687,1006.8043993806186,89.62739726027397
531,N561,0.2722347826086957,68.237491,16.747107,HDAM,3.200821970097006,3.313068415173521,-0.3784109405867041,6.093177944345221,1007.1737124090325,90.34520547945205
532,N562,0.433172,68.327861,16.786002,HDAM,3.3243836237959665,3.252794463667151,-0.26931507560896545,6.088547816040785,1007.2068631942958,90.43561643835616
533,N564,0.4819285714285715,68.62524599999999,17.260847000000002,HDAM,2.979452111459758,2.3506574819451327,-0.3110410936176777,5.135972476643446,1007.1652194924551,89.81369863013698
534,N565,0.3345481481481481,68.92748900000001,15.776553,HDAM,3.0871233456755336,3.9744108605823696,1.8506027124158733,6.383068359913687,1006.6980958703446,90.16986301369863
535,N570,1.3483372093023256,69.433207,17.483038,HDAM,3.4646575970192477,2.929917741398493,0.9927944763117049,5.410301229010706,1006.9471361970249,88.45753424657535
536,N571,0.7785000000000001,69.38703199999999,17.797773,HDAM,3.188219233408366,2.555068436423189,0.40906848796222306,5.5061916580806445,1007.0780969071062,89.03013698630137
537,N572,1.10859,66.303985,14.187881,HDAM,4.225753495791187,3.3999725369353815,0.39101369122221863,6.796547800919985,1008.294260354238,88.12602739726027
538,N573,0.6553615384615384,68.241911,14.479522,HDAM,6.203835759465009,4.533671136475998,2.832520478713798,6.774821762602827,1006.8106985431828,89.86027397260274
539,N574,0.6096606060606059,67.939458,12.981879,HDAM,3.5219178699875533,4.3993423598371955,3.0410684159918597,6.388191648690055,1006.8104217947346,93.03835616438356
540,N577,0.4602487725040917,69.235588,20.523863,HDAM,1.294520569990759,-0.4334520453051345,-3.5416711663903846,2.587808152119795,1007.9424809704088,87.96438356164384
541,N581,0.5956705202312138,69.963365,18.907725,HDAM,3.1276712982621913,2.8365204843450083,0.9211780627653615,5.286465613865485,1006.7671366652397,85.34520547945205
542,N582,0.4372370990237099,69.659081,22.217644,HDAM,1.6361644179853674,-1.0127671208385736,-3.258219115691234,2.0046026857850485,1007.8890539718001,86.07123287671233
543,N583,0.1923071895424837,69.69160600000001,22.160803,HDAM,1.6610959193477892,-1.1112328551862747,-3.2212875844221815,1.8236438049947563,1007.8534377006636,86.20547945205479
544,N584,0.50898,70.11798399999999,22.796744,HDAM,2.034794557094574,0.05405480611610086,-1.9176712011841879,2.7404656988096563,1007.378369140625,85.9945205479452
545,N585,0.27531,70.382998,23.702772,HDAM,2.3520548340392438,0.16101368551384912,-1.903698590295772,3.261013639677469,1007.1624784286709,85.03013698630137
546,N586,0.570377358490566,70.657935,23.714418,HDAM,2.826027441841282,2.073588993936165,-0.32156163924565057,4.6008218161098355,1006.6994635595034,85.55068493150685
547,N588,0.4285610687022901,69.829488,25.167115,HDAM,1.5509589276901663,0.15460275964785927,-3.6106574701681122,4.013205392699535,1008.0164507304153,87.02191780821917
548,N589,0.4258994082840236,70.01472199999999,29.115233,HDAM,0.0,0.0,0.0,0.0,0.0,0.0
549,N590,0.21861975028376845,70.59872,29.057885,HDAM,1.9736986756324768,0.4293972709101357,-1.6943561361464736,3.8771231894623743,1007.3356286453874,76.54246575342465
550,N591,0.7111111111111111,69.762349,30.706361,HDAM,1.4493150988670245,0.8283287655204943,-1.970876673415099,3.5688492632177593,1007.9638501311001,82.98356164383561
551,N592,0.9504285714285716,70.773472,25.616455,HDAM,0.0,0.0,0.0,0.0,0.0,0.0
552,N594,0.20672033023735809,60.16857099999999,6.671919,HDAM,5.887397358352191,1.689506811077056,-0.7723561511566378,4.546821830625811,1010.6169998796018,79.63287671232877
553,N595,0.4792044444444444,60.18165,6.693228,HDAM,5.887397358352191,1.689506811077056,-0.7723561511566378,4.546821830625811,1010.6169998796018,79.63287671232877
554,N615,0.25761290322580643,68.174304,17.919127,HDAM,1.8301370148789393,-2.2032602199901863,-4.891945101785129,1.0046849092596197,1007.0468622913099,89.16164383561645
555,N617,1.821984251968504,58.629862,8.687982,HDAM,4.330411027228996,6.812876567622162,3.2231506197062667,11.383643570644399,1010.8761799015411,96.4931506849315
556,N619,1.6351304347826088,70.751417,27.355041,HDAM,2.075616469121959,0.6438629869984029,-1.7804382969663568,3.9266574632070244,1007.238644283765,83.41095890410959
557,N621,1.1838006230529594,59.73255500000001,7.544277,HDAM,2.87095896121982,1.8808492754369157,-2.00358899488841,5.918657380260833,1010.6654927292915,80.3917808219178
558,N623,0.038198130841121496,60.08339399999999,8.286923,HDAM,1.8394520865727777,0.4280547929902191,-2.428438306691712,3.8537259440920124,1010.7608346599422,90.4904109589041
559,N624,0.9458483754512635,59.62480600000001,9.953291,HDAM,2.5983562041635384,5.573232759565932,0.7338903999747071,10.60769836708189,1010.6348087676583,97.10958904109589
560,N631,0.22922636103151864,61.792346,5.354404,HDAM,9.842191940137784,4.160109504067326,2.323232823875669,6.576082037236184,1009.0665898571276,81.86301369863014
561,N644,0.7941176470588235,67.31378000000001,15.676101,HDAM,4.439726128316906,2.614739645405175,-0.7356438115953583,6.029040940835664,1007.7019338947453,90.64657534246575
562,N646,2.3686666666666665,60.976254,5.280915,HDAM,10.624383754272984,6.014958763551222,3.8969862124180956,8.702383358307081,1009.6687782601134,81.8986301369863
563,N652,3.0158730158730163,58.600174,7.673136,HDAM,4.723561729143744,5.255972507943029,2.2125205091570748,9.123534045327608,1011.2422045563999,83.11232876712329
564,N660,0.15723076923076926,60.10165,6.913308,HDAM,3.855616501994329,-0.6203013581721342,-2.9044930656019545,1.8712602214913254,1010.7416564105308,81.11232876712329
565,N668,0.7961165048543688,62.139844,7.439766,HDAM,3.731506908307337,-0.07123288125412106,-2.134136941350282,3.6465478713994157,1009.5197377662137,86.61643835616438
566,N674,0.2358490566037736,59.161687,8.730756,HDAM,3.9936987117545244,5.084986173591181,1.5236438044181018,9.238657328639537,1010.893988622378,96.02191780821917
567,N683,0.06567164179104477,60.433067,8.734342,HDAM,1.780821950304998,1.7637533907408585,-2.375479389767941,6.094766960793162,1010.9090557777719,92.02739726027397
568,N685,0.2735849056603773,61.82909300000001,5.78213,HDAM,8.810137154631418,4.808164286353204,2.579725961820924,7.637177884497055,1009.1802876511665,82.11506849315069
569,N686,0.45,61.821713,5.799066000000002,HDAM,8.810137154631418,4.808164286353204,2.579725961820924,7.637177884497055,1009.1802876511665,82.11506849315069
570,N690,0.23929961089494164,63.03244599999999,8.836884,HDAM,4.861095975523126,4.549232771012881,1.307534219069432,8.401205304392601,1008.4838484254602,92.43287671232876
571,N717,0.5909090909090909,58.662011,8.062453999999999,HDAM,4.081917851265163,5.186438231925441,2.013479413826988,9.308355947941134,1011.1090541055758,89.55342465753425
572,N731,0.0427807486631016,62.930266,12.151988,HDAM,2.2747945583029967,0.3716712279372836,-2.776520485425853,3.871972514367471,1009.2841238361516,92.01643835616439
573,N758,1.5833333333333333,60.678333,10.352728,HDAM,2.0550685415529224,4.3237807343930825,0.7984383287852349,9.12904090075052,1010.6276853796554,95.9972602739726
574,N759,0.13002364066193856,59.739328,6.518956,HDAM,8.353698766884738,2.0960821563862773,-0.08399999627001481,4.888547839346814,1010.778096572667,77.55068493150685
575,N769,0.3282828282828283,60.983575,5.698889,HDAM,11.103561802432962,4.09893141905841,1.9061369548156246,6.8964381993225174,1009.9285067623608,80.1917808219178
576,N864,0.9338521400778209,59.708007,6.857516,HDAM,5.942465867163384,0.43750683695384085,-1.7997533765914915,2.9375889808807063,1010.7750807670698,78.78630136986301
577,N870,0.4977777777777778,65.786879,12.87525,HDAM,5.726575436657423,2.946082134963307,0.8020821752001162,5.96862999770331,1007.9871356284782,86.4931506849315
578,N880,0.717741935483871,61.23997900000001,6.247422,HDAM,8.62602754782324,1.9420273430135153,-0.15868491713110713,4.198794431719062,1010.0052179205908,80.72328767123288
579,N886,0.2989130434782609,65.375479,12.753035,HDAM,5.6717809412577385,2.9831232017493003,0.46238355447780594,6.344438232721327,1008.3715201599957,86.0027397260274
580,N890,0.625,61.01993,8.127023,HDAM,2.3356164745272023,-1.4488218758051117,-4.060849240269155,1.5735342151345046,1010.7342601201306,87.0986301369863
581,N899,0.03731669114047968,60.227764,10.375241,HDAM,2.066849354521869,5.098410838770948,1.504054758947802,9.785999777229273,1010.7057674042167,96.94520547945206
582,N902,0.625,58.57946,7.967914,HDAM,4.505479538767305,5.541671088001091,2.4229314514933384,9.550575153345932,1011.1476853462115,88.41095890410959
583,N904,0.33235294117647063,62.112823,7.3877869999999985,HDAM,3.9671233538078936,-0.09542465320188705,-1.711862974175035,3.55630130053383,1009.4419313195633,86.36986301369863
584,N1004,0.6595744680851063,59.400865,9.550383,HDAM,3.8805480248307527,4.191698544446941,0.9336438112471201,8.759999805096895,1010.7035753223994,95.12602739726027
585,N1018,0.1567901234567901,64.254483,12.545905,HDAM,3.561643919389542,3.404547870638844,0.17416437641806798,7.392383411220492,1008.8227535718108,89.4
586,N1055,0.19597272727272727,59.052309,10.018394,HDAM,3.0772603100293305,7.945013508848744,4.482219089047141,11.338520315820224,1010.5937090311965,103.02739726027397
