,id,gwh_per_mm3,latitude,longitude,type,Nearest City for Rain Stats,Days of Rain,Inches of Rain,Nearest City for Temp Stats,Avg High Temp,Avg Low Temp
0,H1,3.5,46.0731,7.4034,HDAM,"Turin, Italy",81,38.6,"Turin, Italy",63,45
1,H102,0.4786885245901639,40.3305,22.1253,HDAM,"Skopje, Macedonia",65,18.7,"Skopje, Macedonia",65,45
2,H1020,2.811059907834101,44.449583,24.312917,HDAM,"Bucharest, Romania",72,23.4,"Bucharest, Romania",62,42
3,H1021,2.3927765237020315,45.074583,24.364583,HDAM,"Bucharest, Romania",72,23.4,"Bucharest, Romania",62,42
4,H1022,5.020080321285142,44.857917,24.24625,HDAM,"Bucharest, Romania",72,23.4,"Bucharest, Romania",62,42
5,H1023,0.24,44.774583,24.27125,HDAM,"Bucharest, Romania",72,23.4,"Bucharest, Romania",62,42
6,H103,7.513346557098331,42.198002,23.862,HPHS,"Sofia, Bulgaria",81,22.8,"Sofia, Bulgaria",59,41
7,H65,1.7079264138087669,47.275002,12.755999999999998,HPHS,"Munich, Germany",129,38.1,"Munich, Germany",55,40
8,H1035,2.010050251256281,44.920417,24.250417,HDAM,"Bucharest, Romania",72,23.4,"Bucharest, Romania",62,42
9,H1036,9.553571428571429,45.17875,24.369583,HDAM,"Bucharest, Romania",72,23.4,"Bucharest, Romania",62,42
10,H1045,3.0,46.2695803,9.8720987,HPHS,"Vaduz, Liechtenstein",120,37.3,"Vaduz, Liechtenstein",58,42
11,H1048,0.2868686868686869,63.82958299999999,15.642083,HDAM,"Stockholm, Sweden",105,21.2,"Stockholm, Sweden",50,38
12,H105,1.8,44.96118,5.68874,HDAM,"Lyon, France",104,32.8,"Lyon, France",62,47
13,H1055,0.07464892830746489,68.10875,26.722083,HDAM,"Helsinki, Finland",115,26.9,"Helsinki, Finland",48,35
14,H1057,0.397796817625459,60.71220699999989,12.667535,HPHS,"Oslo, Norway",113,30.0,"Oslo, Norway",49,36
15,H1064,0.016631578947368417,58.35555600000001,12.374444,HDAM,"Oslo, Norway",113,30.0,"Oslo, Norway",49,36
16,H107,0.418702023726448,49.606998,14.182,HDAM,"Prague, Czech Republic",94,20.7,"Prague, Czech Republic",55,38
17,H1070,0.7096774193548387,45.082,2.194,HDAM,"Andorra la Vella, Andorra",119,37.5,"Andorra la Vella, Andorra",64,45
18,H144,16.61764705882353,57.2553615,-4.493151999999991,HPHS,"Glasgow, United Kingdom",170,44.3,"Glasgow, United Kingdom",54,42
19,H93,4.721428571428572,47.067783,10.665211,HDAM,"Vaduz, Liechtenstein",120,37.3,"Vaduz, Liechtenstein",58,42
20,H111,2.0207612456747404,47.146432,11.967219,HPHS,"Munich, Germany",129,38.1,"Munich, Germany",55,40
21,H11,2.6904761904761907,44.668999,22.527,HDAM,"Belgrade, Serbia",95,27.2,"Belgrade, Serbia",63,47
22,H110,1.0886075949367089,43.272999,18.841999,HDAM,"Sarajevo, Bosnia & Herzegovina",113,36.7,"Sarajevo, Bosnia & Herzegovina",59,41
23,H1118,4.589403973509933,42.1373,23.5691,HDAM,"Sofia, Bulgaria",81,22.8,"Sofia, Bulgaria",59,41
24,H324,3.6435998766781577,56.261512,-4.763588,HDAM,"Glasgow, United Kingdom",170,44.3,"Glasgow, United Kingdom",54,42
25,H188,4.738186462324394,47.074251,9.874371,HDAM,"Vaduz, Liechtenstein",120,37.3,"Vaduz, Liechtenstein",58,42
26,H1133,0.1950413223140496,66.467003,16.549485,HDAM,"Stockholm, Sweden",105,21.2,"Stockholm, Sweden",50,38
27,H114,1.981981981981982,45.21466,6.71208,HDAM,"Turin, Italy",81,38.6,"Turin, Italy",63,45
28,H1150,0.050387596899224806,47.84125,27.225417,HDAM,"Chisinau, Moldova",77,21.5,"Chisinau, Moldova",58,42
29,H1154,2.2580645161290325,45.215,2.0380000000000003,HDAM,"Andorra la Vella, Andorra",119,37.5,"Andorra la Vella, Andorra",64,45
30,H1163,1.9329896907216495,46.457917,26.952083,HDAM,"Chisinau, Moldova",77,21.5,"Chisinau, Moldova",58,42
31,H1200,0.2801120448179272,56.123701,13.11603,HDAM,"Copenhagen, Denmark",102,20.6,"Copenhagen, Denmark",53,41
32,H1205,0.006999999999999999,62.807917,30.179583,HROR,"Saint Petersburg, Russia",119,24.9,"Saint Petersburg, Russia",47,35
33,H122,0.6875,40.340285,-8.196778,HPHS,"Lisbon, Portugal",77,28.6,"Lisbon, Portugal",70,56
34,H123,2.9545454545454546,45.3391,22.7213,HDAM,"Belgrade, Serbia",95,27.2,"Belgrade, Serbia",63,47
35,H1233,4.270833333333334,44.407917,24.354583,HDAM,"Bucharest, Romania",72,23.4,"Bucharest, Romania",62,42
36,H1234,1.0693069306930694,40.5,-7.51,HDAM,"Lisbon, Portugal",77,28.6,"Lisbon, Portugal",70,56
37,H124,0.7397260273972602,39.1845,21.0255,HDAM,"Tirana, Albania",98,48.0,"Tirana, Albania",70,48
38,H1240,0.2878338278931751,64.607742,15.465791,HDAM,"Stockholm, Sweden",105,21.2,"Stockholm, Sweden",50,38
39,H425,0.187,47.065944,13.353102,HDAM,"Ljubljana, Slovenia",115,53.9,"Ljubljana, Slovenia",59,43
40,H126,0.7613636363636364,61.38164499999989,13.731379,HDAM,"Oslo, Norway",113,30.0,"Oslo, Norway",49,36
41,H1265,0.6714285714285714,41.692083,19.832917,HDAM,"Tirana, Albania",98,48.0,"Tirana, Albania",70,48
42,H127,0.1711864406779661,67.493432,18.353512,HDAM,"Stockholm, Sweden",105,21.2,"Stockholm, Sweden",50,38
43,H1272,4.651162790697675,41.07,-7.46,HDAM,"Lisbon, Portugal",77,28.6,"Lisbon, Portugal",70,56
44,H643,3.1711822660098523,56.707001,-4.02,HDAM,"Glasgow, United Kingdom",170,44.3,"Glasgow, United Kingdom",54,42
45,H1299,3.7416666666666663,40.3095,-8.2488,HDAM,"Lisbon, Portugal",77,28.6,"Lisbon, Portugal",70,56
46,H130,25.09090909090909,46.16036500000001,9.936609,HDAM,"Milan, Italy",83,36.2,"Milan, Italy",64,47
47,H132,0.38662146303299,41.368999,0.274,HDAM,"Andorra la Vella, Andorra",119,37.5,"Andorra la Vella, Andorra",64,45
48,H1328,0.4353932584269663,42.4452,25.6364,HROR,"Bucharest, Romania",72,23.4,"Bucharest, Romania",62,42
49,H1340,0.2274631531933899,40.719766,9.101024,HDAM,"Monaco, Monaco",61,28.9,"Monaco, Monaco",67,54
50,H136,0.9789473684210528,38.7415,21.3642,HDAM,"Athens, Greece",43,14.4,"Athens, Greece",72,57
51,H1365,0.5450678011167243,47.165417,24.877917,HDAM,"Bucharest, Romania",72,23.4,"Bucharest, Romania",62,42
52,H137,0.8183333333333334,67.729796,17.4849399999999,HDAM,"Stockholm, Sweden",105,21.2,"Stockholm, Sweden",50,38
53,H140,6.956521739130435,43.759998,19.289,HDAM,"Sarajevo, Bosnia & Herzegovina",113,36.7,"Sarajevo, Bosnia & Herzegovina",59,41
54,H725,5.115652245661321,56.771999,-3.353,HDAM,"Glasgow, United Kingdom",170,44.3,"Glasgow, United Kingdom",54,42
55,H870,2.921875,56.699001,-4.408,HROR,"Glasgow, United Kingdom",170,44.3,"Glasgow, United Kingdom",54,42
56,H1436,0.18695652173913044,66.830913,18.97472,HDAM,"Stockholm, Sweden",105,21.2,"Stockholm, Sweden",50,38
57,H1078,2.177419354838709,57.775002,-4.955,HDAM,"Glasgow, United Kingdom",170,44.3,"Glasgow, United Kingdom",54,42
58,H1462,0.5351681957186544,47.059583,22.30375,HDAM,"Belgrade, Serbia",95,27.2,"Belgrade, Serbia",63,47
59,H1463,0.6616257088846881,47.07875,22.207917,HDAM,"Belgrade, Serbia",95,27.2,"Belgrade, Serbia",63,47
60,H679,3.1953352769679304,47.077999,13.417,HDAM,"Ljubljana, Slovenia",115,53.9,"Ljubljana, Slovenia",59,43
61,H1484,0.16,60.0833333,13.983333300000002,HDAM,"Oslo, Norway",113,30.0,"Oslo, Norway",49,36
62,H1522,1.68,45.59125,22.95875,HDAM,"Belgrade, Serbia",95,27.2,"Belgrade, Serbia",63,47
63,H1565,0.5109489051094891,44.982917,24.742083,HDAM,"Bucharest, Romania",72,23.4,"Bucharest, Romania",62,42
64,H1566,1.954887218045113,45.082917,24.662917,HDAM,"Bucharest, Romania",72,23.4,"Bucharest, Romania",62,42
65,H1596,0.24705882352941175,58.560479,15.082435,HDAM,"Stockholm, Sweden",105,21.2,"Stockholm, Sweden",50,38
66,H1599,3.611111111111111,45.745417,24.39125,HDAM,"Bucharest, Romania",72,23.4,"Bucharest, Romania",62,42
67,H1602,2.3673469387755097,45.835417,24.860417,HDAM,"Bucharest, Romania",72,23.4,"Bucharest, Romania",62,42
68,H161,34.95934959349593,44.2007328,15.6811168,HPHS,"Zagreb, Croatia",95,33.1,"Zagreb, Croatia",60,43
69,H1612,3.141361256544503,40.23,-7.39,HDAM,"Lisbon, Portugal",77,28.6,"Lisbon, Portugal",70,56
70,H301,1.7720588235294117,52.6564,19.1339,HDAM,"Warsaw, Poland",93,20.3,"Warsaw, Poland",54,39
71,H167,0.5064145847400405,46.39734,5.66556,HDAM,"Lyon, France",104,32.8,"Lyon, France",62,47
72,H169,3.506521739130435,46.8761153436,8.98702934899,HDAM,"Vaduz, Liechtenstein",120,37.3,"Vaduz, Liechtenstein",58,42
73,H171,2.2205882352941178,42.009998,19.625,HDAM,"Podgorica, Montenegro",101,65.4,"Podgorica, Montenegro",69,51
74,H1194,0.5325443786982248,47.235001,12.058,HDAM,"Munich, Germany",129,38.1,"Munich, Germany",55,40
75,H1772,0.5589714924538849,45.249583,25.735417,HDAM,"Bucharest, Romania",72,23.4,"Bucharest, Romania",62,42
76,H18,0.5850727387729285,39.730301,-6.8849,HDAM,"Lisbon, Portugal",77,28.6,"Lisbon, Portugal",70,56
77,H1824,0.08333333333333333,62.590859,16.406570000000002,HDAM,"Stockholm, Sweden",105,21.2,"Stockholm, Sweden",50,38
78,H183,5.731853053998228,40.127148,9.140644,HPHS,"Rome, Italy",78,31.4,"Rome, Italy",71,48
79,H1840,0.3150684931506849,61.490515,14.712678,HDAM,"Stockholm, Sweden",105,21.2,"Stockholm, Sweden",50,38
80,H187,0.6493506493506493,45.41269000000001,2.4986200000000003,HDAM,"Lyon, France",104,32.8,"Lyon, France",62,47
81,H1873,0.03470437017994859,65.6833333,18.1666667,HDAM,"Stockholm, Sweden",105,21.2,"Stockholm, Sweden",50,38
82,H1899,0.08918539325842696,42.6125,25.3198,HDAM,"Bucharest, Romania",72,23.4,"Bucharest, Romania",62,42
83,H1905,0.004602510460251046,62.825417,29.475417,HROR,"Saint Petersburg, Russia",119,24.9,"Saint Petersburg, Russia",47,35
84,H192,0.2873134328358209,42.11625,-7.212083,HDAM,"Madrid, Spain",63,17.2,"Madrid, Spain",67,49
85,H198,31.64763458401305,45.923109,10.628414,HDAM,"Milan, Italy",83,36.2,"Milan, Italy",64,47
86,H201,0.17251908396946564,42.62850200000001,-7.7122,HDAM,"Lisbon, Portugal",77,28.6,"Lisbon, Portugal",70,56
87,H202,27.5,63.14623,16.0706,HDAM,"Stockholm, Sweden",105,21.2,"Stockholm, Sweden",50,38
88,H204,2.641509433962264,46.6679,23.059,HDAM,"Belgrade, Serbia",95,27.2,"Belgrade, Serbia",63,47
89,H1455,1.3453065617327549,57.775002,-4.955,HDAM,"Glasgow, United Kingdom",170,44.3,"Glasgow, United Kingdom",54,42
90,H213,0.8528784648187633,45.3667,24.6307,HDAM,"Bucharest, Romania",72,23.4,"Bucharest, Romania",62,42
91,H215,7.05774647887324,45.009998,14.893,HDAM,"Ljubljana, Slovenia",115,53.9,"Ljubljana, Slovenia",59,43
92,H22,11.95341463414634,54.797866000000006,24.248169,HPHS,"Vilnius, Lithuania",122,26.9,"Vilnius, Lithuania",50,36
93,H222,0.4537313432835821,66.976846,18.573706,HDAM,"Stockholm, Sweden",105,21.2,"Stockholm, Sweden",50,38
94,H227,52.46031746031746,65.127297,19.467367000000007,HDAM,"Stockholm, Sweden",105,21.2,"Stockholm, Sweden",50,38
95,H229,8.676470588235292,43.448002,17.837,HDAM,"Sarajevo, Bosnia & Herzegovina",113,36.7,"Sarajevo, Bosnia & Herzegovina",59,41
96,H230,0.3528455284552845,46.9386,26.1029,HDAM,"Bucharest, Romania",72,23.4,"Bucharest, Romania",62,42
97,H2328,0.008602150537634409,52.762083,-8.477083,HDAM,"Dublin, Ireland",129,29.8,"Dublin, Ireland",56,44
98,H24,42.78481012658228,45.202,6.585,HPHS,"Turin, Italy",81,38.6,"Turin, Italy",63,45
99,H2488,1.7853658536585366,40.395419,19.805764,HROR,"Tirana, Albania",98,48.0,"Tirana, Albania",70,48
100,H2490,0.5102040816326531,62.46369,13.08091,HDAM,"Oslo, Norway",113,30.0,"Oslo, Norway",49,36
101,H25,2.717647058823529,56.583,25.2394,HDAM,"Riga, Latvia",120,25.0,"Riga, Latvia",50,37
102,H250,2.3887079261672097,41.693192,-8.027951,HPHS,"Lisbon, Portugal",77,28.6,"Lisbon, Portugal",70,56
103,H257,5.174603174603175,42.8211,0.01033,HDAM,"Andorra la Vella, Andorra",119,37.5,"Andorra la Vella, Andorra",64,45
104,H26,4.287048188029344,42.159,23.871,HPHS,"Sofia, Bulgaria",81,22.8,"Sofia, Bulgaria",59,41
105,H266,6.6890322580645165,46.2302203342,7.85719305844,HDAM,"Turin, Italy",81,38.6,"Turin, Italy",63,45
106,H275,57.615894039735096,66.2682205,20.8259525,HDAM,"Helsinki, Finland",115,26.9,"Helsinki, Finland",48,35
107,H277,0.4621072088724584,42.734001,18.497,HDAM,"Podgorica, Montenegro",101,65.4,"Podgorica, Montenegro",69,51
108,H28,0.26435045317220546,41.271328,-6.320278,HPHS,"Madrid, Spain",63,17.2,"Madrid, Spain",67,49
109,H286,0.36507936507936506,41.209099,-7.049,HPHS,"Lisbon, Portugal",77,28.6,"Lisbon, Portugal",70,56
110,H289,5.4766031195840545,64.360001,24.409,HDAM,"Helsinki, Finland",115,26.9,"Helsinki, Finland",48,35
111,H296,2.0188679245283017,46.401001,8.551,HDAM,"Zurich, Switzerland",125,41.2,"Zurich, Switzerland",58,40
112,H297,0.8412698412698413,46.464001,8.546,HPHS,"Zurich, Switzerland",125,41.2,"Zurich, Switzerland",58,40
113,H302,1.263537906137184,41.771,20.84,HDAM,"Skopje, Macedonia",65,18.7,"Skopje, Macedonia",65,45
114,H303,1.3948497854077253,43.757,17.743,HDAM,"Sarajevo, Bosnia & Herzegovina",113,36.7,"Sarajevo, Bosnia & Herzegovina",59,41
115,H310,0.4393351800554017,39.5429,-8.3188,HDAM,"Lisbon, Portugal",77,28.6,"Lisbon, Portugal",70,56
116,H313,0.6810543074473729,41.9404,24.27,HPHS,"Sofia, Bulgaria",81,22.8,"Sofia, Bulgaria",59,41
117,H319,0.5,64.7506673477997,20.9527945518493,HDAM,"Helsinki, Finland",115,26.9,"Helsinki, Finland",48,35
118,H320,14.11320754716981,63.2411585,15.2339025,HDAM,"Stockholm, Sweden",105,21.2,"Stockholm, Sweden",50,38
119,H322,0.7942307692307692,40.0966,21.8039,HDAM,"Skopje, Macedonia",65,18.7,"Skopje, Macedonia",65,45
120,H3283,1.3194444444444444,40.69398620000001,20.439501,HDAM,"Tirana, Albania",98,48.0,"Tirana, Albania",70,48
121,H3306,0.907715582450832,44.3938,8.2787,HDAM,"Turin, Italy",81,38.6,"Turin, Italy",63,45
122,H3310,1.0,37.829642,14.576644,HDAM,"Valletta, Malta",84,21.8,"Valletta, Malta",72,59
123,H3314,7.1556350626118075,45.433313,7.417422,HDAM,"Turin, Italy",81,38.6,"Turin, Italy",63,45
124,H3329,2.5943396226415096,42.25183,-8.1419,HPHS,"Lisbon, Portugal",77,28.6,"Lisbon, Portugal",70,56
125,H3330,1.5741789354473388,40.991739,-8.1419,HDAM,"Lisbon, Portugal",77,28.6,"Lisbon, Portugal",70,56
126,H334,0.4457142857142857,63.197917,13.50875,HDAM,"Oslo, Norway",113,30.0,"Oslo, Norway",49,36
127,H3408,5.859872611464969,42.6717259,1.7009906000000004,HDAM,"Andorra la Vella, Andorra",119,37.5,"Andorra la Vella, Andorra",64,45
128,H3413,2.8,46.34200870000001,9.3687663,HDAM,"Vaduz, Liechtenstein",120,37.3,"Vaduz, Liechtenstein",58,42
129,H346,0.44,66.314003,27.190001,HDAM,"Helsinki, Finland",115,26.9,"Helsinki, Finland",48,35
130,H349,0.9209060527292982,49.82354,14.434501,HDAM,"Prague, Czech Republic",94,20.7,"Prague, Czech Republic",55,38
131,H359,12.857142857142858,66.6313945,19.8198109999999,HDAM,"Stockholm, Sweden",105,21.2,"Stockholm, Sweden",50,38
132,H377,7.352941176470589,45.435348,7.418466,HDAM,"Turin, Italy",81,38.6,"Turin, Italy",63,45
133,H382,10.3,65.931,24.714001,HDAM,"Helsinki, Finland",115,26.9,"Helsinki, Finland",48,35
134,H384,0.19035202086049546,43.73687,6.1342300000000005,HDAM,"Marseille, France",53,20.3,"Marseille, France",68,51
135,H392,29.078014184397173,65.0222165,19.682859,HDAM,"Stockholm, Sweden",105,21.2,"Stockholm, Sweden",50,38
136,H394,3.128555176336746,45.82519600000001,7.333163000000001,HDAM,"Turin, Italy",81,38.6,"Turin, Italy",63,45
137,H402,0.8240601503759398,64.945753,15.827496,HDAM,"Stockholm, Sweden",105,21.2,"Stockholm, Sweden",50,38
138,H406,0.9923916639100232,42.0135,24.2579,HDAM,"Sofia, Bulgaria",81,22.8,"Sofia, Bulgaria",59,41
139,H409,1.930215293244247,60.95096649999989,12.545216,HDAM,"Oslo, Norway",113,30.0,"Oslo, Norway",49,36
140,H410,2.711621233859397,41.763285,-8.20976499999999,HPHS,"Lisbon, Portugal",77,28.6,"Lisbon, Portugal",70,56
141,H42,2.7241379310344827,41.872,-8.2025,HPHS,"Lisbon, Portugal",77,28.6,"Lisbon, Portugal",70,56
142,H434,0.4836601307189543,48.6333,14.2375,HDAM,"Prague, Czech Republic",94,20.7,"Prague, Czech Republic",55,38
143,H435,1.5625,46.443064,9.334613,HDAM,"Vaduz, Liechtenstein",120,37.3,"Vaduz, Liechtenstein",58,42
144,H439,0.4844961240310077,41.404999,21.936001,HDAM,"Skopje, Macedonia",65,18.7,"Skopje, Macedonia",65,45
145,H440,4.117647058823529,45.03048,6.07914,HDAM,"Lyon, France",104,32.8,"Lyon, France",62,47
146,H45,10.638297872340424,42.104,19.826,HDAM,"Podgorica, Montenegro",101,65.4,"Podgorica, Montenegro",69,51
147,H456,1.9101123595505616,63.74985,13.54035,HDAM,"Oslo, Norway",113,30.0,"Oslo, Norway",49,36
148,H465,0.8217821782178217,63.344498,13.4603049999999,HDAM,"Oslo, Norway",113,30.0,"Oslo, Norway",49,36
149,H47,5.891891891891893,45.68545,6.62248999999999,HDAM,"Turin, Italy",81,38.6,"Turin, Italy",63,45
150,H475,0.495609756097561,39.91727,-8.13243999999999,HDAM,"Lisbon, Portugal",77,28.6,"Lisbon, Portugal",70,56
151,H477,0.16642120765832105,41.958,0.634,HDAM,"Andorra la Vella, Andorra",119,37.5,"Andorra la Vella, Andorra",64,45
152,H486,0.2962962962962963,41.63253,25.33801,HDAM,"Sofia, Bulgaria",81,22.8,"Sofia, Bulgaria",59,41
153,H496,1.9908256880733943,41.584,26.108,HDAM,"Bucharest, Romania",72,23.4,"Bucharest, Romania",62,42
154,H500,1.1531531531531531,46.349998,8.6,HDAM,"Zurich, Switzerland",125,41.2,"Zurich, Switzerland",58,40
155,H502,40.74074074074074,64.479423,18.878073,HDAM,"Stockholm, Sweden",105,21.2,"Stockholm, Sweden",50,38
156,H513,0.7705627705627706,54.87414,24.0,HDAM,"Vilnius, Lithuania",122,26.9,"Vilnius, Lithuania",50,36
157,H515,3.38,66.42400400000001,25.540001,HDAM,"Helsinki, Finland",115,26.9,"Helsinki, Finland",48,35
158,H519,0.33969118982742963,65.095,17.101667000000006,HDAM,"Stockholm, Sweden",105,21.2,"Stockholm, Sweden",50,38
159,H520,2.1875,62.3833333,17.3166667,HDAM,"Stockholm, Sweden",105,21.2,"Stockholm, Sweden",50,38
160,H529,0.6385390428211587,46.175999,8.684,HDAM,"Milan, Italy",83,36.2,"Milan, Italy",64,47
161,H53,3.3823529411764706,45.446999,23.768,HDAM,"Bucharest, Romania",72,23.4,"Bucharest, Romania",62,42
162,H530,32.083333333333336,64.9687,17.54421,HDAM,"Stockholm, Sweden",105,21.2,"Stockholm, Sweden",50,38
163,H531,17.97979797979798,65.40360600000001,18.673154,HDAM,"Stockholm, Sweden",105,21.2,"Stockholm, Sweden",50,38
164,H549,9.232323232323234,66.155998,25.125,HDAM,"Helsinki, Finland",115,26.9,"Helsinki, Finland",48,35
165,H558,4.168295331161779,41.4,-7.59,HDAM,"Lisbon, Portugal",77,28.6,"Lisbon, Portugal",70,56
166,H566,4.156684733514012,45.2286,14.6736,HDAM,"Ljubljana, Slovenia",115,53.9,"Ljubljana, Slovenia",59,43
167,H57,0.5782608695652174,42.243999,20.014999,HDAM,"Podgorica, Montenegro",101,65.4,"Podgorica, Montenegro",69,51
168,H576,1.1791907514450868,59.049013,17.465807,HDAM,"Stockholm, Sweden",105,21.2,"Stockholm, Sweden",50,38
169,H578,0.8333333333333334,62.53208299999999,13.092083,HDAM,"Oslo, Norway",113,30.0,"Oslo, Norway",49,36
170,H590,2.1836734693877546,66.706406,19.516481,HDAM,"Stockholm, Sweden",105,21.2,"Stockholm, Sweden",50,38
171,H602,9.622222222222222,66.36875,26.689583,HDAM,"Helsinki, Finland",115,26.9,"Helsinki, Finland",48,35
172,H604,1.6873873873873877,41.83225,24.42183,HDAM,"Sofia, Bulgaria",81,22.8,"Sofia, Bulgaria",59,41
173,H610,0.4252577319587629,41.61227,25.64052,HDAM,"Sofia, Bulgaria",81,22.8,"Sofia, Bulgaria",59,41
174,H627,14.067127344521225,42.02719,24.47085,HDAM,"Sofia, Bulgaria",81,22.8,"Sofia, Bulgaria",59,41
175,H634,7.567829457364341,46.3113,16.4945,HDAM,"Zagreb, Croatia",95,33.1,"Zagreb, Croatia",60,43
176,H635,3.7433155080213902,46.3205,16.7489,HDAM,"Zagreb, Croatia",95,33.1,"Zagreb, Croatia",60,43
177,H638,0.03873239436619718,39.545417,-1.502917,HDAM,"Madrid, Spain",63,17.2,"Madrid, Spain",67,49
178,H651,1.5693779904306218,65.509167,15.625556,HDAM,"Stockholm, Sweden",105,21.2,"Stockholm, Sweden",50,38
179,H659,1.6776315789473684,40.96,20.068,HDAM,"Tirana, Albania",98,48.0,"Tirana, Albania",70,48
180,H68,1.9833333333333332,66.95428100000001,19.796076,HDAM,"Stockholm, Sweden",105,21.2,"Stockholm, Sweden",50,38
181,H680,0.2861230329041488,61.46208299999999,23.437917,HDAM,"Helsinki, Finland",115,26.9,"Helsinki, Finland",48,35
182,H688,0.3463302752293578,42.317001,0.2,HDAM,"Andorra la Vella, Andorra",119,37.5,"Andorra la Vella, Andorra",64,45
183,H691,0.967741935483871,41.682917,19.89625,HDAM,"Tirana, Albania",98,48.0,"Tirana, Albania",70,48
184,H697,0.16859504132231404,63.821222,17.1450079999999,HDAM,"Stockholm, Sweden",105,21.2,"Stockholm, Sweden",50,38
185,H71,34.074074074074076,66.691226,20.345341,HDAM,"Stockholm, Sweden",105,21.2,"Stockholm, Sweden",50,38
186,H714,2.336565096952908,41.653,-8.231,HDAM,"Lisbon, Portugal",77,28.6,"Lisbon, Portugal",70,56
187,H715,0.1891891891891892,66.4990459999999,17.107241000000002,HDAM,"Stockholm, Sweden",105,21.2,"Stockholm, Sweden",50,38
188,H72,31.555555555555557,46.7085534816,8.22601948865,HDAM,"Zurich, Switzerland",125,41.2,"Zurich, Switzerland",58,40
189,H720,0.058392857142857135,61.210576,28.782635,HDAM,"Saint Petersburg, Russia",119,24.9,"Saint Petersburg, Russia",47,35
190,H736,0.3708381171067737,65.476969,15.856519,HDAM,"Stockholm, Sweden",105,21.2,"Stockholm, Sweden",50,38
191,H743,0.2236486033144723,41.6428,24.153,HDAM,"Sofia, Bulgaria",81,22.8,"Sofia, Bulgaria",59,41
192,H756,1.4438614900314797,40.9871,-7.5353,HDAM,"Lisbon, Portugal",77,28.6,"Lisbon, Portugal",70,56
193,H77,0.1886540600667408,38.890417,21.499583,HDAM,"Athens, Greece",43,14.4,"Athens, Greece",72,57
194,H78,25.294117647058826,66.503203,20.380167,HDAM,"Stockholm, Sweden",105,21.2,"Stockholm, Sweden",50,38
195,H783,17.3943661971831,46.59257,15.15301,HDAM,"Ljubljana, Slovenia",115,53.9,"Ljubljana, Slovenia",59,43
196,H795,0.08962868117797695,64.57875,26.76625,HDAM,"Helsinki, Finland",115,26.9,"Helsinki, Finland",48,35
197,H8,2.5019047619047616,44.673,22.532,HDAM,"Belgrade, Serbia",95,27.2,"Belgrade, Serbia",63,47
198,H800,1.6226295828065742,41.7686,-7.9504,HDAM,"Lisbon, Portugal",77,28.6,"Lisbon, Portugal",70,56
199,H804,0.08625,44.622793,22.641357,HDAM,"Sofia, Bulgaria",81,22.8,"Sofia, Bulgaria",59,41
200,H810,1.3947368421052628,44.177917,24.48375,HDAM,"Bucharest, Romania",72,23.4,"Bucharest, Romania",62,42
201,H811,1.0833333333333333,44.045417,24.57125,HDAM,"Bucharest, Romania",72,23.4,"Bucharest, Romania",62,42
202,H812,0.8909090909090909,44.26625,24.400417,HDAM,"Bucharest, Romania",72,23.4,"Bucharest, Romania",62,42
203,H813,1.364864864864865,43.81625,24.69625,HDAM,"Bucharest, Romania",72,23.4,"Bucharest, Romania",62,42
204,H814,1.3205128205128205,43.920417,24.625417,HDAM,"Bucharest, Romania",72,23.4,"Bucharest, Romania",62,42
205,H83,30.357142857142854,46.05271,5.81285,HDAM,"Lyon, France",104,32.8,"Lyon, France",62,47
206,H84,18.79699248120301,46.4198999,6.9287696,HPHS,"Turin, Italy",81,38.6,"Turin, Italy",63,45
207,H850,1.0483870967741935,45.162083,22.732917,HDAM,"Belgrade, Serbia",95,27.2,"Belgrade, Serbia",63,47
208,H851,0.7688888888888888,44.537083,24.325417,HDAM,"Bucharest, Romania",72,23.4,"Bucharest, Romania",62,42
209,H88,8.475609756097562,46.804819733900004,10.331344182999901,HDAM,"Vaduz, Liechtenstein",120,37.3,"Vaduz, Liechtenstein",58,42
210,H886,1.2770809578107185,41.91922,24.19305,HDAM,"Sofia, Bulgaria",81,22.8,"Sofia, Bulgaria",59,41
211,H888,0.12637362637362634,59.54375,13.299582999999998,HDAM,"Oslo, Norway",113,30.0,"Oslo, Norway",49,36
212,H894,7.052631578947367,45.120417,24.375417,HDAM,"Bucharest, Romania",72,23.4,"Bucharest, Romania",62,42
213,H897,0.9083333333333332,47.651451,10.735525,HDAM,"Munich, Germany",129,38.1,"Munich, Germany",55,40
214,H907,3.5,44.682917,24.292083,HDAM,"Bucharest, Romania",72,23.4,"Bucharest, Romania",62,42
215,H908,8.91891891891892,45.012083,24.29625,HDAM,"Bucharest, Romania",72,23.4,"Bucharest, Romania",62,42
216,H909,1.1089681774349085,46.337083,27.04625,HDAM,"Chisinau, Moldova",77,21.5,"Chisinau, Moldova",58,42
217,H910,1.0810810810810811,46.727083,23.29625,HDAM,"Belgrade, Serbia",95,27.2,"Belgrade, Serbia",63,47
218,H918,1.7082250341997265,39.9622222,9.5055556,HDAM,"Rome, Italy",78,31.4,"Rome, Italy",71,48
219,H923,9.166666666666666,46.187083,27.18375,HDAM,"Chisinau, Moldova",77,21.5,"Chisinau, Moldova",58,42
220,H936,4.203636363636363,41.41,-8.5,HDAM,"Lisbon, Portugal",77,28.6,"Lisbon, Portugal",70,56
221,H938,2.7333333333333334,64.717559,18.242239,HDAM,"Stockholm, Sweden",105,21.2,"Stockholm, Sweden",50,38
222,H94,2.696035242290749,46.0508221655,6.94899701138,HDAM,"Turin, Italy",81,38.6,"Turin, Italy",63,45
223,H949,0.7870967741935484,45.495417,26.250417,HDAM,"Bucharest, Romania",72,23.4,"Bucharest, Romania",62,42
224,H955,0.6673640167364017,39.5649,-7.8123,HDAM,"Lisbon, Portugal",77,28.6,"Lisbon, Portugal",70,56
225,H96,3.3571428571428568,46.5680720667,8.31932651704,HPHS,"Zurich, Switzerland",125,41.2,"Zurich, Switzerland",58,40
226,H97,0.5503144654088051,44.47095,6.26967,HDAM,"Nice, France",61,28.9,"Nice, France",67,54
227,H974,0.2933333333333333,58.986325,14.106716,HDAM,"Oslo, Norway",113,30.0,"Oslo, Norway",49,36
228,H976,5.813953488372092,61.489482,16.381977,HDAM,"Stockholm, Sweden",105,21.2,"Stockholm, Sweden",50,38
229,H3424,1.669090909090909,46.159346,9.930337,HPHS,"Milan, Italy",83,36.2,"Milan, Italy",64,47
230,H3427,2.08,46.171156,10.06145,HDAM,"Vaduz, Liechtenstein",120,37.3,"Vaduz, Liechtenstein",58,42
231,N1,4.3010696774193535,58.29373399999999,6.453253,HDAM,"Oslo, Norway",113,30.0,"Oslo, Norway",49,36
232,N4,62.079640974497785,58.65815500000001,6.728166000000001,HDAM,"Oslo, Norway",113,30.0,"Oslo, Norway",49,36
233,N5,6.924331818181818,58.65991,6.698752000000002,HDAM,"Oslo, Norway",113,30.0,"Oslo, Norway",49,36
234,N7,26.226857142857146,58.50594200000001,7.417103999999998,HDAM,"Oslo, Norway",113,30.0,"Oslo, Norway",49,36
235,N9,1.6046238095238097,58.76468199999999,6.36841,HDAM,"Oslo, Norway",113,30.0,"Oslo, Norway",49,36
236,N10,3.631472,59.01098100000001,6.445128,HDAM,"Oslo, Norway",113,30.0,"Oslo, Norway",49,36
237,N12,2.403902019002375,58.77569200000001,7.012965,HDAM,"Oslo, Norway",113,30.0,"Oslo, Norway",49,36
238,N13,2.487259615384616,58.93561800000001,7.088094,HDAM,"Oslo, Norway",113,30.0,"Oslo, Norway",49,36
239,N14,0.19508,59.026673,7.089142999999999,HDAM,"Oslo, Norway",113,30.0,"Oslo, Norway",49,36
240,N15,0.832711592178771,58.76363900000001,7.51007,HDAM,"Oslo, Norway",113,30.0,"Oslo, Norway",49,36
241,N16,1.0396530303030302,58.983853,7.67232,HDAM,"Oslo, Norway",113,30.0,"Oslo, Norway",49,36
242,N21,2.254610886189833,58.390377,7.894692,HDAM,"Oslo, Norway",113,30.0,"Oslo, Norway",49,36
243,N22,7.704329268292684,58.530437,8.334303,HDAM,"Oslo, Norway",113,30.0,"Oslo, Norway",49,36
244,N25,0.5609957219251337,68.090128,17.716649,HDAM,"Stockholm, Sweden",105,21.2,"Stockholm, Sweden",50,38
245,N26,0.8265457732761979,58.906297,8.22607,HDAM,"Oslo, Norway",113,30.0,"Oslo, Norway",49,36
246,N27,0.7861674988651838,58.951934,8.394045,HDAM,"Oslo, Norway",113,30.0,"Oslo, Norway",49,36
247,N29,1.247160390516039,59.657665,6.096469,HDAM,"Oslo, Norway",113,30.0,"Oslo, Norway",49,36
248,N30,2.176418823529412,59.657561,6.096339,HDAM,"Oslo, Norway",113,30.0,"Oslo, Norway",49,36
249,N31,2.644078212290503,59.874602,6.073857,HDAM,"Oslo, Norway",113,30.0,"Oslo, Norway",49,36
250,N34,0.4609723273415327,59.35312800000001,7.247816999999999,HDAM,"Oslo, Norway",113,30.0,"Oslo, Norway",49,36
251,N35,0.8941290322580646,59.353127,7.247782000000001,HDAM,"Oslo, Norway",113,30.0,"Oslo, Norway",49,36
252,N36,5.255429054054055,59.12481,7.5063,HDAM,"Oslo, Norway",113,30.0,"Oslo, Norway",49,36
253,N37,2.0933577661431064,59.68751500000001,6.521502,HDAM,"Oslo, Norway",113,30.0,"Oslo, Norway",49,36
254,N38,12.324984642686507,59.526994,6.658841000000002,HDAM,"Oslo, Norway",113,30.0,"Oslo, Norway",49,36
255,N39,21.51154318181818,59.555761,6.598419,HDAM,"Oslo, Norway",113,30.0,"Oslo, Norway",49,36
256,N40,9.373008695652171,59.651863,6.824512,HDAM,"Oslo, Norway",113,30.0,"Oslo, Norway",49,36
257,N42,6.214258064516129,59.690494,6.570213000000002,HDAM,"Oslo, Norway",113,30.0,"Oslo, Norway",49,36
258,N43,1.4552391304347827,59.930933,6.197613,HDAM,"Oslo, Norway",113,30.0,"Oslo, Norway",49,36
259,N44,1.3917171893147504,59.831861,6.881373,HDAM,"Oslo, Norway",113,30.0,"Oslo, Norway",49,36
260,N45,3.0016611295681064,59.818537,6.818575999999998,HDAM,"Oslo, Norway",113,30.0,"Oslo, Norway",49,36
261,N46,1.508910714285714,59.850284,6.962739,HDAM,"Oslo, Norway",113,30.0,"Oslo, Norway",49,36
262,N47,0.7848877333333333,59.779587,7.728817999999999,HDAM,"Oslo, Norway",113,30.0,"Oslo, Norway",49,36
263,N48,12.919639233370912,60.127577,6.337427,HDAM,"Oslo, Norway",113,30.0,"Oslo, Norway",49,36
264,N49,2.283971361502348,60.125942,6.568911,HDAM,"Oslo, Norway",113,30.0,"Oslo, Norway",49,36
265,N50,3.0264892412231035,60.129931000000006,6.641964999999999,HDAM,"Oslo, Norway",113,30.0,"Oslo, Norway",49,36
266,N53,0.6045906040268456,59.21679,8.451891999999999,HDAM,"Oslo, Norway",113,30.0,"Oslo, Norway",49,36
267,N54,3.409611111111111,59.356167000000006,8.177044,HDAM,"Oslo, Norway",113,30.0,"Oslo, Norway",49,36
268,N57,2.097594736842105,59.49854499999999,8.633632,HDAM,"Oslo, Norway",113,30.0,"Oslo, Norway",49,36
269,N58,4.662858552631579,59.60825300000001,8.713219,HDAM,"Oslo, Norway",113,30.0,"Oslo, Norway",49,36
270,N62,0.5064610485056346,59.686023,9.142329,HDAM,"Oslo, Norway",113,30.0,"Oslo, Norway",49,36
271,N63,0.17528195488721804,59.825847,8.345667,HDAM,"Oslo, Norway",113,30.0,"Oslo, Norway",49,36
272,N68,1.0864572727272728,60.243794,8.701658,HDAM,"Oslo, Norway",113,30.0,"Oslo, Norway",49,36
273,N70,2.155707386363636,60.267223,8.959338,HDAM,"Oslo, Norway",113,30.0,"Oslo, Norway",49,36
274,N77,3.0561041666666666,59.862852,9.384991,HDAM,"Oslo, Norway",113,30.0,"Oslo, Norway",49,36
275,N80,0.5618798507462687,59.928859,9.963443,HDAM,"Oslo, Norway",113,30.0,"Oslo, Norway",49,36
276,N81,1.8980740000000003,60.084174,9.816174,HDAM,"Oslo, Norway",113,30.0,"Oslo, Norway",49,36
277,N85,0.8136210392902408,60.58251800000001,5.54282,HDAM,"Oslo, Norway",113,30.0,"Oslo, Norway",49,36
278,N88,0.5334640968787311,60.554264,6.029859,HDAM,"Oslo, Norway",113,30.0,"Oslo, Norway",49,36
279,N89,5.691142658315936,60.872580000000006,5.594089,HDAM,"Oslo, Norway",113,30.0,"Oslo, Norway",49,36
280,N90,17.737089201877932,60.923999,5.98594,HDAM,"Oslo, Norway",113,30.0,"Oslo, Norway",49,36
281,N91,0.6860333253416447,60.96065400000001,5.702609,HDAM,"Oslo, Norway",113,30.0,"Oslo, Norway",49,36
282,N92,1.39164039408867,61.716661,5.236697,HDAM,"Oslo, Norway",113,30.0,"Oslo, Norway",49,36
283,N94,1.8922787610619467,61.61468000000001,5.678051,HDAM,"Oslo, Norway",113,30.0,"Oslo, Norway",49,36
284,N95,0.6233960451977401,60.55784,6.211286,HDAM,"Oslo, Norway",113,30.0,"Oslo, Norway",49,36
285,N96,4.069222891566266,60.662251,6.118739,HDAM,"Oslo, Norway",113,30.0,"Oslo, Norway",49,36
286,N97,0.6636363636363637,60.738548,6.261966,HDAM,"Oslo, Norway",113,30.0,"Oslo, Norway",49,36
287,N98,4.543368700265253,60.50696800000001,7.140933,HDAM,"Oslo, Norway",113,30.0,"Oslo, Norway",49,36
288,N99,7.190215789473685,60.507421,7.1407050000000005,HDAM,"Oslo, Norway",113,30.0,"Oslo, Norway",49,36
289,N100,1.7663117870722431,60.575845,6.921271000000001,HDAM,"Oslo, Norway",113,30.0,"Oslo, Norway",49,36
290,N101,5.045748337028825,61.021374,6.567662,HDAM,"Oslo, Norway",113,30.0,"Oslo, Norway",49,36
291,N104,4.966358078602621,60.80433100000001,7.378572,HDAM,"Oslo, Norway",113,30.0,"Oslo, Norway",49,36
292,N105,12.929139175257733,60.8525,7.300704,HDAM,"Oslo, Norway",113,30.0,"Oslo, Norway",49,36
293,N107,4.18243359375,61.218821,6.063636,HDAM,"Oslo, Norway",113,30.0,"Oslo, Norway",49,36
294,N108,3.834784810126582,61.218879,6.063321,HDAM,"Oslo, Norway",113,30.0,"Oslo, Norway",49,36
295,N109,3.2044096185737976,61.350357,6.5737619999999986,HDAM,"Oslo, Norway",113,30.0,"Oslo, Norway",49,36
296,N110,6.596549056603774,61.27795,7.150453999999999,HDAM,"Oslo, Norway",113,30.0,"Oslo, Norway",49,36
297,N111,17.280908496732025,61.176752,7.626967,HDAM,"Oslo, Norway",113,30.0,"Oslo, Norway",49,36
298,N112,1.3089819999999999,61.445797,6.009602,HDAM,"Oslo, Norway",113,30.0,"Oslo, Norway",49,36
299,N113,2.0196506024096386,61.520817,7.308742,HDAM,"Oslo, Norway",113,30.0,"Oslo, Norway",49,36
300,N114,6.676898444647758,60.529495,7.748357,HDAM,"Oslo, Norway",113,30.0,"Oslo, Norway",49,36
301,N115,0.4458977900552486,60.502858,7.862397,HDAM,"Oslo, Norway",113,30.0,"Oslo, Norway",49,36
302,N116,2.3118033766233768,60.567368,8.410259,HDAM,"Oslo, Norway",113,30.0,"Oslo, Norway",49,36
303,N118,0.6709848375451263,60.62675,8.181678999999999,HDAM,"Oslo, Norway",113,30.0,"Oslo, Norway",49,36
304,N119,1.1962053543307087,60.626677,8.182144000000001,HDAM,"Oslo, Norway",113,30.0,"Oslo, Norway",49,36
305,N123,14.508701472556892,61.061044,7.822617,HDAM,"Oslo, Norway",113,30.0,"Oslo, Norway",49,36
306,N124,0.9649617647058824,60.929748,8.422632,HDAM,"Oslo, Norway",113,30.0,"Oslo, Norway",49,36
307,N125,1.1757,60.80241700000001,8.638246,HDAM,"Oslo, Norway",113,30.0,"Oslo, Norway",49,36
308,N126,0.6820748633113697,61.19814100000001,8.382166999999999,HDAM,"Oslo, Norway",113,30.0,"Oslo, Norway",49,36
309,N127,3.780850000000001,61.141694,8.878446,HDAM,"Oslo, Norway",113,30.0,"Oslo, Norway",49,36
310,N128,0.6190866274179982,61.25827099999999,8.757071,HDAM,"Oslo, Norway",113,30.0,"Oslo, Norway",49,36
311,N129,48.854201388888896,61.504615,7.706136999999999,HDAM,"Oslo, Norway",113,30.0,"Oslo, Norway",49,36
312,N130,1.1728657628128722,61.481479,9.314391,HDAM,"Oslo, Norway",113,30.0,"Oslo, Norway",49,36
313,N133,1.3527323999999998,61.00656899999999,10.031814,HDAM,"Oslo, Norway",113,30.0,"Oslo, Norway",49,36
314,N134,1.6664840294840295,61.115301,10.454126,HDAM,"Oslo, Norway",113,30.0,"Oslo, Norway",49,36
315,N137,40.6289389067524,61.564563,9.792926,HDAM,"Oslo, Norway",113,30.0,"Oslo, Norway",49,36
316,N139,2.2046689734717417,61.768853,5.304794,HDAM,"Oslo, Norway",113,30.0,"Oslo, Norway",49,36
317,N140,0.9866560283687944,61.768853,5.304794,HDAM,"Oslo, Norway",113,30.0,"Oslo, Norway",49,36
318,N141,4.920616822429906,61.77111,5.2976230000000015,HDAM,"Oslo, Norway",113,30.0,"Oslo, Norway",49,36
319,N142,2.8132765432098767,61.801737,5.669954,HDAM,"Oslo, Norway",113,30.0,"Oslo, Norway",49,36
320,N143,3.7538385518590993,61.801737,5.669954,HDAM,"Oslo, Norway",113,30.0,"Oslo, Norway",49,36
321,N144,3.2171078431372546,62.020561,5.839346,HDAM,"Oslo, Norway",113,30.0,"Oslo, Norway",49,36
322,N145,2.25787728026534,62.107524,6.571821000000001,HDAM,"Oslo, Norway",113,30.0,"Oslo, Norway",49,36
323,N147,7.416874285714287,62.232416,7.430165,HDAM,"Oslo, Norway",113,30.0,"Oslo, Norway",49,36
324,N148,10.7532,62.205012,7.445873,HDAM,"Oslo, Norway",113,30.0,"Oslo, Norway",49,36
325,N149,4.689497757847533,62.195096,7.517685,HDAM,"Oslo, Norway",113,30.0,"Oslo, Norway",49,36
326,N150,1.8735383333333333,61.899278,8.227095,HDAM,"Oslo, Norway",113,30.0,"Oslo, Norway",49,36
327,N152,0.5581369230769231,61.817179,8.951578,HDAM,"Oslo, Norway",113,30.0,"Oslo, Norway",49,36
328,N154,0.15779549929676512,62.508264,8.473486999999999,HDAM,"Oslo, Norway",113,30.0,"Oslo, Norway",49,36
329,N155,2.151594642857143,62.627288,8.893746,HDAM,"Oslo, Norway",113,30.0,"Oslo, Norway",49,36
330,N156,39.8294623655914,62.664258,8.514969,HDAM,"Oslo, Norway",113,30.0,"Oslo, Norway",49,36
331,N158,8.422303999999999,63.038848,8.655876,HDAM,"Oslo, Norway",113,30.0,"Oslo, Norway",49,36
332,N159,0.33061658536585364,62.933703,9.125257,HDAM,"Oslo, Norway",113,30.0,"Oslo, Norway",49,36
333,N160,4.989034636871509,63.001093,9.020321,HDAM,"Oslo, Norway",113,30.0,"Oslo, Norway",49,36
334,N161,2.0412712418300654,62.185692,10.611858,HDAM,"Oslo, Norway",113,30.0,"Oslo, Norway",49,36
335,N162,1.1479575757575755,62.621834,10.257691,HDAM,"Oslo, Norway",113,30.0,"Oslo, Norway",49,36
336,N163,1.1139566666666667,62.66241700000001,10.139673,HDAM,"Oslo, Norway",113,30.0,"Oslo, Norway",49,36
337,N164,2.3029166666666665,62.915995,9.680167,HDAM,"Oslo, Norway",113,30.0,"Oslo, Norway",49,36
338,N165,5.340004,63.113494,10.478311,HDAM,"Oslo, Norway",113,30.0,"Oslo, Norway",49,36
339,N169,3.7482578397212554,59.128023,11.43825,HDAM,"Oslo, Norway",113,30.0,"Oslo, Norway",49,36
340,N173,0.44435975609756095,60.027536,11.323332,HDAM,"Oslo, Norway",113,30.0,"Oslo, Norway",49,36
341,N178,0.932,61.163873,11.456755,HDAM,"Oslo, Norway",113,30.0,"Oslo, Norway",49,36
342,N179,1.1559275471698114,61.237602,11.517878,HDAM,"Oslo, Norway",113,30.0,"Oslo, Norway",49,36
343,N182,0.15257152000000002,62.996363,11.826643,HDAM,"Oslo, Norway",113,30.0,"Oslo, Norway",49,36
344,N184,3.0963089552238805,63.300242,9.136845,HDAM,"Oslo, Norway",113,30.0,"Oslo, Norway",49,36
345,N189,1.69391437142078,63.355502,10.448813,HDAM,"Oslo, Norway",113,30.0,"Oslo, Norway",49,36
346,N190,1.6381647331786542,63.19240600000001,10.956678,HDAM,"Oslo, Norway",113,30.0,"Oslo, Norway",49,36
347,N191,0.8621621621621621,63.637554,10.132666,HDAM,"Oslo, Norway",113,30.0,"Oslo, Norway",49,36
348,N192,0.7683,63.726499,10.865013,HDAM,"Oslo, Norway",113,30.0,"Oslo, Norway",49,36
349,N193,4.360443548387097,63.927744,10.233434,HDAM,"Oslo, Norway",113,30.0,"Oslo, Norway",49,36
350,N194,1.721029082774049,63.84786999999999,10.682239,HDAM,"Oslo, Norway",113,30.0,"Oslo, Norway",49,36
351,N197,1.0593125,63.44024399999999,11.742539,HDAM,"Oslo, Norway",113,30.0,"Oslo, Norway",49,36
352,N198,0.9103553333333334,64.228736,12.025878,HDAM,"Oslo, Norway",113,30.0,"Oslo, Norway",49,36
353,N199,1.5300785123966942,60.805201,7.3773050000000016,HDAM,"Oslo, Norway",113,30.0,"Oslo, Norway",49,36
354,N200,0.8978549883990719,60.958423,9.300065,HDAM,"Oslo, Norway",113,30.0,"Oslo, Norway",49,36
355,N201,0.8528301217038541,60.857432,5.696332,HDAM,"Oslo, Norway",113,30.0,"Oslo, Norway",49,36
356,N202,30.653742110009016,60.87005799999999,5.596857,HDAM,"Oslo, Norway",113,30.0,"Oslo, Norway",49,36
357,N204,0.4162433712121213,59.204847,7.8351229999999985,HDAM,"Oslo, Norway",113,30.0,"Oslo, Norway",49,36
358,N205,0.8143311999999999,59.310502,9.045155,HDAM,"Oslo, Norway",113,30.0,"Oslo, Norway",49,36
359,N206,2.143009049773756,60.911585,9.368901,HDAM,"Oslo, Norway",113,30.0,"Oslo, Norway",49,36
360,N209,3.1396276595744683,58.55796700000001,7.3671820000000015,HDAM,"Oslo, Norway",113,30.0,"Oslo, Norway",49,36
361,N210,4.299392293114339,62.500671,7.776139,HDAM,"Oslo, Norway",113,30.0,"Oslo, Norway",49,36
362,N215,17.811405263157894,63.032064,11.703242,HDAM,"Oslo, Norway",113,30.0,"Oslo, Norway",49,36
363,N216,3.3085,63.032098,11.703237,HDAM,"Oslo, Norway",113,30.0,"Oslo, Norway",49,36
364,N217,0.9619701030927834,59.658147,6.985078999999999,HDAM,"Oslo, Norway",113,30.0,"Oslo, Norway",49,36
365,N218,0.9763831347387718,60.208303,10.239006,HDAM,"Oslo, Norway",113,30.0,"Oslo, Norway",49,36
366,N219,4.466450867052023,60.440009,5.860706,HDAM,"Oslo, Norway",113,30.0,"Oslo, Norway",49,36
367,N221,1.9734271099744245,60.974958,6.062494999999998,HDAM,"Oslo, Norway",113,30.0,"Oslo, Norway",49,36
368,N222,2.103958925750395,59.187073,8.039686999999999,HDAM,"Oslo, Norway",113,30.0,"Oslo, Norway",49,36
369,N226,1.7893593919652553,60.464283,5.915178,HDAM,"Oslo, Norway",113,30.0,"Oslo, Norway",49,36
370,N229,2.351090243902439,60.255341,5.740831,HDAM,"Oslo, Norway",113,30.0,"Oslo, Norway",49,36
371,N230,3.014168152866242,59.636706,11.154443,HDAM,"Oslo, Norway",113,30.0,"Oslo, Norway",49,36
372,N231,2.6778074074074074,58.478973,6.0309940000000015,HDAM,"Oslo, Norway",113,30.0,"Oslo, Norway",49,36
373,N236,62.547530769230775,64.703361,12.836591,HDAM,"Oslo, Norway",113,30.0,"Oslo, Norway",49,36
374,N237,0.29722043230016315,64.695063,13.64173,HDAM,"Oslo, Norway",113,30.0,"Oslo, Norway",49,36
375,N239,0.17890060483870968,64.886275,13.562079,HDAM,"Oslo, Norway",113,30.0,"Oslo, Norway",49,36
376,N240,2.9189994683678897,65.20919599999999,12.796868,HDAM,"Oslo, Norway",113,30.0,"Oslo, Norway",49,36
377,N241,1.7150816053511706,65.80354399999999,12.72901,HDAM,"Oslo, Norway",113,30.0,"Oslo, Norway",49,36
378,N242,0.3520906604142243,65.88709200000001,13.800660999999998,HDAM,"Oslo, Norway",113,30.0,"Oslo, Norway",49,36
379,N243,5.214210144927536,66.053038,13.336591,HDAM,"Oslo, Norway",113,30.0,"Oslo, Norway",49,36
380,N244,105.31578947368419,66.052027,13.774634,HDAM,"Oslo, Norway",113,30.0,"Oslo, Norway",49,36
381,N245,3.222005555555556,66.310342,13.563553,HDAM,"Oslo, Norway",113,30.0,"Oslo, Norway",49,36
382,N246,0.8949823529411765,66.06270699999999,13.997822,HDAM,"Oslo, Norway",113,30.0,"Oslo, Norway",49,36
383,N247,5.673861111111113,66.336842,14.166999,HDAM,"Oslo, Norway",113,30.0,"Oslo, Norway",49,36
384,N248,0.7713972972972972,66.375658,13.657310999999998,HDAM,"Oslo, Norway",113,30.0,"Oslo, Norway",49,36
385,N249,2.029126213592233,66.645942,13.560479,HDAM,"Oslo, Norway",113,30.0,"Oslo, Norway",49,36
386,N250,0.7034073017683969,66.724624,13.941961,HDAM,"Oslo, Norway",113,30.0,"Oslo, Norway",49,36
387,N251,2.1116150375939853,66.97119599999999,14.157405,HDAM,"Oslo, Norway",113,30.0,"Oslo, Norway",49,36
388,N252,0.7621548183254344,66.951346,14.2253,HDAM,"Oslo, Norway",113,30.0,"Oslo, Norway",49,36
389,N253,1.3689214285714286,67.129685,14.955135999999998,HDAM,"Oslo, Norway",113,30.0,"Oslo, Norway",49,36
390,N255,1.6749009321878998,67.323103,15.722385999999998,HDAM,"Stockholm, Sweden",105,21.2,"Stockholm, Sweden",50,38
391,N256,0.4923076193487196,67.082708,16.055170999999998,HDAM,"Stockholm, Sweden",105,21.2,"Stockholm, Sweden",50,38
392,N258,0.7667128964059197,67.12091099999999,16.120824,HDAM,"Stockholm, Sweden",105,21.2,"Stockholm, Sweden",50,38
393,N259,0.4504112068965517,67.355703,14.8518,HDAM,"Oslo, Norway",113,30.0,"Oslo, Norway",49,36
394,N260,0.5079543360433604,67.62162099999999,16.007076,HDAM,"Stockholm, Sweden",105,21.2,"Stockholm, Sweden",50,38
395,N262,0.9479835294117648,67.807909,16.115713,HDAM,"Stockholm, Sweden",105,21.2,"Stockholm, Sweden",50,38
396,N263,1.1224597402597405,67.824218,15.993795,HDAM,"Stockholm, Sweden",105,21.2,"Stockholm, Sweden",50,38
397,N264,2.8434439252336445,68.06065600000001,16.668725,HDAM,"Stockholm, Sweden",105,21.2,"Stockholm, Sweden",50,38
398,N265,3.1279595588235294,68.20108499999999,17.36584,HDAM,"Stockholm, Sweden",105,21.2,"Stockholm, Sweden",50,38
399,N266,2.046,68.536733,17.028622,HDAM,"Stockholm, Sweden",105,21.2,"Stockholm, Sweden",50,38
400,N267,0.8618125,68.403304,17.421529999999994,HDAM,"Stockholm, Sweden",105,21.2,"Stockholm, Sweden",50,38
401,N268,2.5970252897787143,68.397625,17.799681,HDAM,"Stockholm, Sweden",105,21.2,"Stockholm, Sweden",50,38
402,N269,1.0488165803108809,68.475637,17.626088,HDAM,"Stockholm, Sweden",105,21.2,"Stockholm, Sweden",50,38
403,N270,4.529073469387755,67.451702,15.742424,HDAM,"Stockholm, Sweden",105,21.2,"Stockholm, Sweden",50,38
404,N271,0.4871969814995131,68.657726,18.821514,HDAM,"Stockholm, Sweden",105,21.2,"Stockholm, Sweden",50,38
405,N274,0.9179594694178336,68.87546999999999,19.559838,HDAM,"Stockholm, Sweden",105,21.2,"Stockholm, Sweden",50,38
406,N275,2.3384361263736264,69.312883,20.34206,HDAM,"Helsinki, Finland",115,26.9,"Helsinki, Finland",48,35
407,N276,2.5256731054977712,69.45675899999999,20.909812,HDAM,"Helsinki, Finland",115,26.9,"Helsinki, Finland",48,35
408,N277,1.199242718446602,69.68426099999999,22.154025,HDAM,"Helsinki, Finland",115,26.9,"Helsinki, Finland",48,35
409,N278,5.647020740740741,69.718538,23.807803,HDAM,"Helsinki, Finland",115,26.9,"Helsinki, Finland",48,35
410,N279,1.1232596153846155,70.401409,23.627291,HDAM,"Helsinki, Finland",115,26.9,"Helsinki, Finland",48,35
411,N280,8.495562231759656,69.71935400000001,22.057419,HDAM,"Helsinki, Finland",115,26.9,"Helsinki, Finland",48,35
412,N281,0.10752347242921012,69.372939,29.694000000000006,HDAM,"Saint Petersburg, Russia",119,24.9,"Saint Petersburg, Russia",47,35
413,N283,0.5549819308208571,70.409576,26.701874,HDAM,"Helsinki, Finland",115,26.9,"Helsinki, Finland",48,35
414,N284,0.2604506976744186,62.673965,11.454045,HDAM,"Oslo, Norway",113,30.0,"Oslo, Norway",49,36
415,N287,13.500833333333333,61.841526,5.802617,HDAM,"Oslo, Norway",113,30.0,"Oslo, Norway",49,36
416,N288,4.629383783783784,60.44,6.412634,HDAM,"Oslo, Norway",113,30.0,"Oslo, Norway",49,36
417,N289,3.9469806697522474,61.297126,7.849949,HDAM,"Oslo, Norway",113,30.0,"Oslo, Norway",49,36
418,N290,2.5340926966292128,61.4371,7.2347899999999985,HDAM,"Oslo, Norway",113,30.0,"Oslo, Norway",49,36
419,N291,1.070752635449865,66.294966,14.270422,HDAM,"Oslo, Norway",113,30.0,"Oslo, Norway",49,36
420,N293,2.5119447513812148,62.149826,7.43549,HDAM,"Oslo, Norway",113,30.0,"Oslo, Norway",49,36
421,N294,3.090560997328584,59.04381600000001,6.6465429999999985,HDAM,"Oslo, Norway",113,30.0,"Oslo, Norway",49,36
422,N295,5.579211764705882,66.796875,14.000939,HDAM,"Oslo, Norway",113,30.0,"Oslo, Norway",49,36
423,N296,3.4227180989583332,59.625305,7.853282000000001,HDAM,"Oslo, Norway",113,30.0,"Oslo, Norway",49,36
424,N297,0.6575172054223148,60.978203,6.516092,HDAM,"Oslo, Norway",113,30.0,"Oslo, Norway",49,36
425,N299,0.5460162444401471,59.736731000000006,7.434555,HDAM,"Oslo, Norway",113,30.0,"Oslo, Norway",49,36
426,N301,207.83419642857143,59.445572,8.040303,HDAM,"Oslo, Norway",113,30.0,"Oslo, Norway",49,36
427,N302,2.325365979381443,59.496878,7.829058,HDAM,"Oslo, Norway",113,30.0,"Oslo, Norway",49,36
428,N303,4.049006622516556,59.46516,7.932223,HDAM,"Oslo, Norway",113,30.0,"Oslo, Norway",49,36
429,N306,2.8296132872503845,59.885372,8.673893,HDAM,"Oslo, Norway",113,30.0,"Oslo, Norway",49,36
430,N307,0.6256030614654673,58.881372,6.817814,HDAM,"Oslo, Norway",113,30.0,"Oslo, Norway",49,36
431,N308,1.8308433734939757,61.937434,7.886852999999999,HDAM,"Oslo, Norway",113,30.0,"Oslo, Norway",49,36
432,N310,6.03185,63.986371,11.094741,HDAM,"Oslo, Norway",113,30.0,"Oslo, Norway",49,36
433,N312,1.35,59.159053,6.612866,HDAM,"Oslo, Norway",113,30.0,"Oslo, Norway",49,36
434,N313,31.799107142857146,59.844023,5.994117,HDAM,"Oslo, Norway",113,30.0,"Oslo, Norway",49,36
435,N318,29.16623229461757,59.639932,6.379562,HDAM,"Oslo, Norway",113,30.0,"Oslo, Norway",49,36
436,N320,7.752667922159448,61.511812,6.60963,HDAM,"Oslo, Norway",113,30.0,"Oslo, Norway",49,36
437,N321,3.7782340862422994,59.00283100000001,6.081568,HDAM,"Oslo, Norway",113,30.0,"Oslo, Norway",49,36
438,N324,9.095744680851064,61.23865,6.15936,HDAM,"Oslo, Norway",113,30.0,"Oslo, Norway",49,36
439,N326,0.2070063694267516,66.057335,14.243865,HDAM,"Oslo, Norway",113,30.0,"Oslo, Norway",49,36
440,N332,2.254610886189833,58.391758,7.894413,HDAM,"Oslo, Norway",113,30.0,"Oslo, Norway",49,36
441,N333,105.31578947368419,66.052217,13.772272,HDAM,"Oslo, Norway",113,30.0,"Oslo, Norway",49,36
442,N337,0.44435975609756095,60.029155,11.319597,HDAM,"Oslo, Norway",113,30.0,"Oslo, Norway",49,36
443,N343,2.6978417266187047,59.065338,6.632272,HDAM,"Oslo, Norway",113,30.0,"Oslo, Norway",49,36
444,N345,0.21618271428571428,59.128898,6.892177,HPHS,"Oslo, Norway",113,30.0,"Oslo, Norway",49,36
445,N346,0.429008676092545,59.479142,6.692334,HPHS,"Oslo, Norway",113,30.0,"Oslo, Norway",49,36
446,N347,0.1984636363636364,60.191554,6.389273,HPHS,"Oslo, Norway",113,30.0,"Oslo, Norway",49,36
447,N348,0.277904347826087,61.00358000000001,8.068592,HPHS,"Oslo, Norway",113,30.0,"Oslo, Norway",49,36
448,N349,0.4270417163289631,61.56590500000001,7.866189,HPHS,"Oslo, Norway",113,30.0,"Oslo, Norway",49,36
449,N350,0.2907663551401869,64.046234,11.082015,HPHS,"Oslo, Norway",113,30.0,"Oslo, Norway",49,36
450,N351,0.3797459821428572,60.79813100000001,7.5714070000000016,HPHS,"Oslo, Norway",113,30.0,"Oslo, Norway",49,36
451,N352,0.4232422680412371,63.39412,11.913236,HPHS,"Oslo, Norway",113,30.0,"Oslo, Norway",49,36
452,N353,0.7933424124513618,60.892783,6.065016,HPHS,"Oslo, Norway",113,30.0,"Oslo, Norway",49,36
453,N356,0.1433567921440262,58.418928,6.109621,HDAM,"Oslo, Norway",113,30.0,"Oslo, Norway",49,36
454,N358,1.1074415584415584,58.828059,6.055009,HDAM,"Oslo, Norway",113,30.0,"Oslo, Norway",49,36
455,N362,1.5138969957081545,58.281282,6.815432,HDAM,"Oslo, Norway",113,30.0,"Oslo, Norway",49,36
456,N363,1.518838383838384,58.222591,7.335344,HDAM,"Oslo, Norway",113,30.0,"Oslo, Norway",49,36
457,N365,0.2670666666666667,58.662373,6.617867,HDAM,"Oslo, Norway",113,30.0,"Oslo, Norway",49,36
458,N366,0.5124575,58.716308,6.632331,HDAM,"Oslo, Norway",113,30.0,"Oslo, Norway",49,36
459,N368,0.530688,58.752982,7.857013,HDAM,"Oslo, Norway",113,30.0,"Oslo, Norway",49,36
460,N371,0.04650614250614251,59.00784300000001,8.551741,HDAM,"Oslo, Norway",113,30.0,"Oslo, Norway",49,36
461,N375,0.07174,58.96678000000001,9.313175,HDAM,"Oslo, Norway",113,30.0,"Oslo, Norway",49,36
462,N377,0.19597272727272727,59.052673,10.018279,HDAM,"Oslo, Norway",113,30.0,"Oslo, Norway",49,36
463,N381,1.4244632352941176,59.874725,6.074132,HDAM,"Oslo, Norway",113,30.0,"Oslo, Norway",49,36
464,N390,0.16833991228070175,59.674308,8.558894,HDAM,"Oslo, Norway",113,30.0,"Oslo, Norway",49,36
465,N391,0.2910174897119341,59.71544100000001,8.699349,HDAM,"Oslo, Norway",113,30.0,"Oslo, Norway",49,36
466,N396,0.2317589743589744,59.362264,9.663048,HDAM,"Oslo, Norway",113,30.0,"Oslo, Norway",49,36
467,N397,1.2739161676646706,59.24281600000001,9.811942,HDAM,"Oslo, Norway",113,30.0,"Oslo, Norway",49,36
468,N399,0.16754779969650985,59.733039,9.872011,HDAM,"Oslo, Norway",113,30.0,"Oslo, Norway",49,36
469,N400,0.29573698630136985,59.43871600000001,10.668395,HDAM,"Oslo, Norway",113,30.0,"Oslo, Norway",49,36
470,N401,1.4145380710659898,60.053334,9.54561,HDAM,"Oslo, Norway",113,30.0,"Oslo, Norway",49,36
471,N402,1.1545104895104894,59.91378100000001,9.885792,HDAM,"Oslo, Norway",113,30.0,"Oslo, Norway",49,36
472,N403,0.6082957198443579,59.996669,10.749974,HDAM,"Oslo, Norway",113,30.0,"Oslo, Norway",49,36
473,N407,0.03731669114047968,60.227748,10.376135,HDAM,"Oslo, Norway",113,30.0,"Oslo, Norway",49,36
474,N408,0.694025,60.420730000000006,10.384411,HDAM,"Oslo, Norway",113,30.0,"Oslo, Norway",49,36
475,N419,1.04296875,61.16020500000001,5.478088,HDAM,"Oslo, Norway",113,30.0,"Oslo, Norway",49,36
476,N423,0.6854745762711864,61.44609200000001,5.335162,HDAM,"Oslo, Norway",113,30.0,"Oslo, Norway",49,36
477,N425,1.6484052631578947,61.675014,5.783222,HDAM,"Oslo, Norway",113,30.0,"Oslo, Norway",49,36
478,N428,2.388247619047619,60.746899,7.134759,HDAM,"Oslo, Norway",113,30.0,"Oslo, Norway",49,36
479,N430,1.840425,60.804002,7.35285,HDAM,"Oslo, Norway",113,30.0,"Oslo, Norway",49,36
480,N431,0.5056752336448599,61.750061,6.276408,HDAM,"Oslo, Norway",113,30.0,"Oslo, Norway",49,36
481,N433,0.4509729119638826,61.16328299999999,7.750692,HDAM,"Oslo, Norway",113,30.0,"Oslo, Norway",49,36
482,N434,1.4817454545454545,61.176741,8.390972999999999,HDAM,"Oslo, Norway",113,30.0,"Oslo, Norway",49,36
483,N435,0.6936756756756757,61.651647,7.749792999999999,HDAM,"Oslo, Norway",113,30.0,"Oslo, Norway",49,36
484,N436,0.1808806161745828,60.667445,10.601301,HDAM,"Oslo, Norway",113,30.0,"Oslo, Norway",49,36
485,N441,2.2796642335766424,61.240405,10.058534,HDAM,"Oslo, Norway",113,30.0,"Oslo, Norway",49,36
486,N444,0.5342139037433156,61.124574,10.695165,HDAM,"Oslo, Norway",113,30.0,"Oslo, Norway",49,36
487,N446,0.4539194630872483,61.999026,5.458976,HDAM,"Oslo, Norway",113,30.0,"Oslo, Norway",49,36
488,N448,1.3827814569536423,62.166186,5.568516000000002,HDAM,"Oslo, Norway",113,30.0,"Oslo, Norway",49,36
489,N449,0.4516044444444444,62.256071,5.583927,HDAM,"Oslo, Norway",113,30.0,"Oslo, Norway",49,36
490,N452,0.92184,62.03365,6.395565,HDAM,"Oslo, Norway",113,30.0,"Oslo, Norway",49,36
491,N455,2.3746792130025667,62.134142,6.299359,HDAM,"Oslo, Norway",113,30.0,"Oslo, Norway",49,36
492,N457,2.0239691358024694,62.34751800000001,8.050175,HDAM,"Oslo, Norway",113,30.0,"Oslo, Norway",49,36
493,N459,0.3929203539823009,62.840822,7.701925,HDAM,"Oslo, Norway",113,30.0,"Oslo, Norway",49,36
494,N460,0.8393354037267079,62.833476,8.300592,HDAM,"Oslo, Norway",113,30.0,"Oslo, Norway",49,36
495,N461,1.5862761904761904,62.804585,8.502891,HDAM,"Oslo, Norway",113,30.0,"Oslo, Norway",49,36
496,N464,0.502275294117647,62.231331,10.342027,HDAM,"Oslo, Norway",113,30.0,"Oslo, Norway",49,36
497,N465,0.2172583333333333,63.111583,10.601726,HDAM,"Oslo, Norway",113,30.0,"Oslo, Norway",49,36
498,N466,0.9499921895339756,59.148451,11.556397,HDAM,"Oslo, Norway",113,30.0,"Oslo, Norway",49,36
499,N470,0.15017565485362094,59.4806,11.65264,HDAM,"Oslo, Norway",113,30.0,"Oslo, Norway",49,36
500,N472,0.09504683648315528,60.286995,11.194128,HDAM,"Oslo, Norway",113,30.0,"Oslo, Norway",49,36
501,N479,0.5632914572864323,63.293668,9.728589,HDAM,"Oslo, Norway",113,30.0,"Oslo, Norway",49,36
502,N483,0.4120153846153846,63.14048100000001,10.968042,HDAM,"Oslo, Norway",113,30.0,"Oslo, Norway",49,36
503,N485,0.3651973333333334,63.848701,9.890697,HDAM,"Oslo, Norway",113,30.0,"Oslo, Norway",49,36
504,N490,0.11003142536475873,64.843237,11.971394,HDAM,"Oslo, Norway",113,30.0,"Oslo, Norway",49,36
505,N491,0.3671560178306092,64.838852,11.95325,HDAM,"Oslo, Norway",113,30.0,"Oslo, Norway",49,36
506,N497,0.07676470588235294,62.133172,7.5592380000000015,HDAM,"Oslo, Norway",113,30.0,"Oslo, Norway",49,36
507,N500,0.5968655462184873,64.46592,10.946658,HDAM,"Oslo, Norway",113,30.0,"Oslo, Norway",49,36
508,N501,0.8101690140845071,64.42932900000001,10.959254,HDAM,"Oslo, Norway",113,30.0,"Oslo, Norway",49,36
509,N507,0.28629794520547946,59.367561,7.892581,HDAM,"Oslo, Norway",113,30.0,"Oslo, Norway",49,36
510,N508,0.0812430303030303,64.078152,11.632431,HDAM,"Oslo, Norway",113,30.0,"Oslo, Norway",49,36
511,N510,1.7776886035313002,59.323002,9.53647,HDAM,"Oslo, Norway",113,30.0,"Oslo, Norway",49,36
512,N515,0.3322689075630252,60.99510400000001,5.7228910000000015,HDAM,"Oslo, Norway",113,30.0,"Oslo, Norway",49,36
513,N517,2.8270384615384616,62.357548,6.894803,HDAM,"Oslo, Norway",113,30.0,"Oslo, Norway",49,36
514,N518,0.263752,63.027127,11.70028,HDAM,"Oslo, Norway",113,30.0,"Oslo, Norway",49,36
515,N519,0.39204054054054055,63.796846,11.816394,HDAM,"Oslo, Norway",113,30.0,"Oslo, Norway",49,36
516,N520,0.20082233502538072,63.244057,10.16954,HDAM,"Oslo, Norway",113,30.0,"Oslo, Norway",49,36
517,N522,0.10139544962080174,61.029947,9.049017,HDAM,"Oslo, Norway",113,30.0,"Oslo, Norway",49,36
518,N527,0.20918525703200772,59.72911600000001,6.627519,HDAM,"Oslo, Norway",113,30.0,"Oslo, Norway",49,36
519,N528,0.26050980392156864,59.919097,6.187562000000002,HDAM,"Oslo, Norway",113,30.0,"Oslo, Norway",49,36
520,N529,0.40567741935483853,60.943698,10.745986,HDAM,"Oslo, Norway",113,30.0,"Oslo, Norway",49,36
521,N532,2.0212234042553194,58.358825,6.300171,HDAM,"Oslo, Norway",113,30.0,"Oslo, Norway",49,36
522,N538,0.7267277486910994,60.033452,12.371142,HDAM,"Oslo, Norway",113,30.0,"Oslo, Norway",49,36
523,N541,0.06843545454545455,64.690137,13.215878,HDAM,"Oslo, Norway",113,30.0,"Oslo, Norway",49,36
524,N545,0.54025,66.822241,13.980626,HDAM,"Oslo, Norway",113,30.0,"Oslo, Norway",49,36
525,N546,0.97515,66.875106,13.84261,HDAM,"Oslo, Norway",113,30.0,"Oslo, Norway",49,36
526,N547,0.5392717391304348,66.88729599999999,14.153085,HDAM,"Oslo, Norway",113,30.0,"Oslo, Norway",49,36
527,N551,0.14212527472527473,68.004201,13.161108,HDAM,"Oslo, Norway",113,30.0,"Oslo, Norway",49,36
528,N553,0.7882352941176469,68.362655,14.930794,HDAM,"Oslo, Norway",113,30.0,"Oslo, Norway",49,36
529,N556,0.5198141025641025,68.586646,15.514319,HDAM,"Stockholm, Sweden",105,21.2,"Stockholm, Sweden",50,38
530,N559,1.1337164179104475,68.61157800000001,15.58176,HDAM,"Stockholm, Sweden",105,21.2,"Stockholm, Sweden",50,38
531,N561,0.2722347826086957,68.237491,16.747107,HDAM,"Stockholm, Sweden",105,21.2,"Stockholm, Sweden",50,38
532,N562,0.433172,68.327861,16.786002,HDAM,"Stockholm, Sweden",105,21.2,"Stockholm, Sweden",50,38
533,N564,0.4819285714285715,68.62524599999999,17.260847000000002,HDAM,"Stockholm, Sweden",105,21.2,"Stockholm, Sweden",50,38
534,N565,0.3345481481481481,68.92748900000001,15.776553,HDAM,"Stockholm, Sweden",105,21.2,"Stockholm, Sweden",50,38
535,N570,1.3483372093023256,69.433207,17.483038,HDAM,"Stockholm, Sweden",105,21.2,"Stockholm, Sweden",50,38
536,N571,0.7785000000000001,69.38703199999999,17.797773,HDAM,"Stockholm, Sweden",105,21.2,"Stockholm, Sweden",50,38
537,N572,1.10859,66.303985,14.187881,HDAM,"Oslo, Norway",113,30.0,"Oslo, Norway",49,36
538,N573,0.6553615384615384,68.241911,14.479522,HDAM,"Oslo, Norway",113,30.0,"Oslo, Norway",49,36
539,N574,0.6096606060606059,67.939458,12.981879,HDAM,"Oslo, Norway",113,30.0,"Oslo, Norway",49,36
540,N577,0.4602487725040917,69.235588,20.523863,HDAM,"Helsinki, Finland",115,26.9,"Helsinki, Finland",48,35
541,N581,0.5956705202312138,69.963365,18.907725,HDAM,"Stockholm, Sweden",105,21.2,"Stockholm, Sweden",50,38
542,N582,0.4372370990237099,69.659081,22.217644,HDAM,"Helsinki, Finland",115,26.9,"Helsinki, Finland",48,35
543,N583,0.1923071895424837,69.69160600000001,22.160803,HDAM,"Helsinki, Finland",115,26.9,"Helsinki, Finland",48,35
544,N584,0.50898,70.11798399999999,22.796744,HDAM,"Helsinki, Finland",115,26.9,"Helsinki, Finland",48,35
545,N585,0.27531,70.382998,23.702772,HDAM,"Helsinki, Finland",115,26.9,"Helsinki, Finland",48,35
546,N586,0.570377358490566,70.657935,23.714418,HDAM,"Helsinki, Finland",115,26.9,"Helsinki, Finland",48,35
547,N588,0.4285610687022901,69.829488,25.167115,HDAM,"Helsinki, Finland",115,26.9,"Helsinki, Finland",48,35
548,N589,0.4258994082840236,70.01472199999999,29.115233,HDAM,"Saint Petersburg, Russia",119,24.9,"Saint Petersburg, Russia",47,35
549,N590,0.21861975028376845,70.59872,29.057885,HDAM,"Saint Petersburg, Russia",119,24.9,"Saint Petersburg, Russia",47,35
550,N591,0.7111111111111111,69.762349,30.706361,HDAM,"Saint Petersburg, Russia",119,24.9,"Saint Petersburg, Russia",47,35
551,N592,0.9504285714285716,70.773472,25.616455,HDAM,"Helsinki, Finland",115,26.9,"Helsinki, Finland",48,35
552,N594,0.20672033023735809,60.16857099999999,6.671919,HDAM,"Oslo, Norway",113,30.0,"Oslo, Norway",49,36
553,N595,0.4792044444444444,60.18165,6.693228,HDAM,"Oslo, Norway",113,30.0,"Oslo, Norway",49,36
554,N615,0.25761290322580643,68.174304,17.919127,HDAM,"Stockholm, Sweden",105,21.2,"Stockholm, Sweden",50,38
555,N617,1.821984251968504,58.629862,8.687982,HDAM,"Oslo, Norway",113,30.0,"Oslo, Norway",49,36
556,N619,1.6351304347826088,70.751417,27.355041,HDAM,"Helsinki, Finland",115,26.9,"Helsinki, Finland",48,35
557,N621,1.1838006230529594,59.73255500000001,7.544277,HDAM,"Oslo, Norway",113,30.0,"Oslo, Norway",49,36
558,N623,0.038198130841121496,60.08339399999999,8.286923,HDAM,"Oslo, Norway",113,30.0,"Oslo, Norway",49,36
559,N624,0.9458483754512635,59.62480600000001,9.953291,HDAM,"Oslo, Norway",113,30.0,"Oslo, Norway",49,36
560,N631,0.22922636103151864,61.792346,5.354404,HDAM,"Oslo, Norway",113,30.0,"Oslo, Norway",49,36
561,N644,0.7941176470588235,67.31378000000001,15.676101,HDAM,"Stockholm, Sweden",105,21.2,"Stockholm, Sweden",50,38
562,N646,2.3686666666666665,60.976254,5.280915,HDAM,"Oslo, Norway",113,30.0,"Oslo, Norway",49,36
563,N652,3.0158730158730163,58.600174,7.673136,HDAM,"Oslo, Norway",113,30.0,"Oslo, Norway",49,36
564,N660,0.15723076923076926,60.10165,6.913308,HDAM,"Oslo, Norway",113,30.0,"Oslo, Norway",49,36
565,N668,0.7961165048543688,62.139844,7.439766,HDAM,"Oslo, Norway",113,30.0,"Oslo, Norway",49,36
566,N674,0.2358490566037736,59.161687,8.730756,HDAM,"Oslo, Norway",113,30.0,"Oslo, Norway",49,36
567,N683,0.06567164179104477,60.433067,8.734342,HDAM,"Oslo, Norway",113,30.0,"Oslo, Norway",49,36
568,N685,0.2735849056603773,61.82909300000001,5.78213,HDAM,"Oslo, Norway",113,30.0,"Oslo, Norway",49,36
569,N686,0.45,61.821713,5.799066000000002,HDAM,"Oslo, Norway",113,30.0,"Oslo, Norway",49,36
570,N690,0.23929961089494164,63.03244599999999,8.836884,HDAM,"Oslo, Norway",113,30.0,"Oslo, Norway",49,36
571,N717,0.5909090909090909,58.662011,8.062453999999999,HDAM,"Oslo, Norway",113,30.0,"Oslo, Norway",49,36
572,N731,0.0427807486631016,62.930266,12.151988,HDAM,"Oslo, Norway",113,30.0,"Oslo, Norway",49,36
573,N758,1.5833333333333333,60.678333,10.352728,HDAM,"Oslo, Norway",113,30.0,"Oslo, Norway",49,36
574,N759,0.13002364066193856,59.739328,6.518956,HDAM,"Oslo, Norway",113,30.0,"Oslo, Norway",49,36
575,N769,0.3282828282828283,60.983575,5.698889,HDAM,"Oslo, Norway",113,30.0,"Oslo, Norway",49,36
576,N864,0.9338521400778209,59.708007,6.857516,HDAM,"Oslo, Norway",113,30.0,"Oslo, Norway",49,36
577,N870,0.4977777777777778,65.786879,12.87525,HDAM,"Oslo, Norway",113,30.0,"Oslo, Norway",49,36
578,N880,0.717741935483871,61.23997900000001,6.247422,HDAM,"Oslo, Norway",113,30.0,"Oslo, Norway",49,36
579,N886,0.2989130434782609,65.375479,12.753035,HDAM,"Oslo, Norway",113,30.0,"Oslo, Norway",49,36
580,N890,0.625,61.01993,8.127023,HDAM,"Oslo, Norway",113,30.0,"Oslo, Norway",49,36
581,N899,0.03731669114047968,60.227764,10.375241,HDAM,"Oslo, Norway",113,30.0,"Oslo, Norway",49,36
582,N902,0.625,58.57946,7.967914,HDAM,"Oslo, Norway",113,30.0,"Oslo, Norway",49,36
583,N904,0.33235294117647063,62.112823,7.3877869999999985,HDAM,"Oslo, Norway",113,30.0,"Oslo, Norway",49,36
584,N1004,0.6595744680851063,59.400865,9.550383,HDAM,"Oslo, Norway",113,30.0,"Oslo, Norway",49,36
585,N1018,0.1567901234567901,64.254483,12.545905,HDAM,"Oslo, Norway",113,30.0,"Oslo, Norway",49,36
586,N1055,0.19597272727272727,59.052309,10.018394,HDAM,"Oslo, Norway",113,30.0,"Oslo, Norway",49,36
