plant_id,gwh_per_mm3,latitude,longitude,type,altitude_m,nearest_lake_dist_km,days_of_rain,inches_of_rain,avg_high_temp,avg_low_temp
H1,3.5,46.0731,7.4034,HDAM,2364.0,1.4817126922176032,81,38.6,63,45
H102,0.4786885245901639,40.3305,22.1253,HDAM,181.6,5.0139876937807735,65,18.7,65,45
H1020,2.811059907834101,44.449583,24.312917,HDAM,114.0,3.998609489507692,72,23.4,62,42
H1021,2.3927765237020315,45.074583,24.364583,HDAM,225.0,1.777966281954076,72,23.4,62,42
H1022,5.020080321285142,44.857917,24.24625,HDAM,177.0,2.836757612056452,72,23.4,62,42
H1023,0.24,44.774583,24.27125,HDAM,164.0,4.3143144418147115,72,23.4,62,42
H103,7.513346557098331,42.198002,23.862,HPHS,1178.9,6.151777853828534,81,22.8,59,41
H65,1.7079264138087669,47.275002,12.755999999999998,HPHS,762.0,6.497842090631653,129,38.1,55,40
H1035,2.010050251256281,44.920417,24.250417,HDAM,189.0,3.1327309480070014,72,23.4,62,42
H1036,9.553571428571429,45.17875,24.369583,HDAM,260.0,2.516214361563585,72,23.4,62,42
H1045,3.0,46.2695803,9.8720987,HPHS,980.3,6.241095031285207,120,37.3,58,42
H1048,0.2868686868686869,63.82958299999999,15.642083,HDAM,287.0,2.238560237980974,105,21.2,50,38
H105,1.8,44.96118,5.68874,HDAM,476.2,3.3384305140876327,104,32.8,62,47
H1055,0.07464892830746489,68.10875,26.722083,HDAM,246.0,6.327817845312268,115,26.9,48,35
H1057,0.397796817625459,60.71220699999989,12.667535,HPHS,349.0,2.5545970530302893,113,30.0,49,36
H1064,0.016631578947368417,58.35555600000001,12.374444,HDAM,41.0,4.306445416119026,113,30.0,49,36
H107,0.418702023726448,49.606998,14.182,HDAM,309.5,4.904047551344722,94,20.7,55,38
H1070,0.7096774193548387,45.082,2.194,HDAM,395.3,2.550944527765102,119,37.5,64,45
H144,16.61764705882353,57.2553615,-4.493151999999991,HPHS,20.0,3.286867618645373,170,44.3,54,42
H93,4.721428571428572,47.067783,10.665211,HDAM,870.0,15.62554722333132,120,37.3,58,42
H111,2.0207612456747404,47.146432,11.967219,HPHS,1064.5,7.666193205806401,129,38.1,55,40
H11,2.6904761904761907,44.668999,22.527,HDAM,59.7,10.066658517936373,95,27.2,63,47
H110,1.0886075949367089,43.272999,18.841999,HDAM,632.8,9.716312050989671,113,36.7,59,41
H1118,4.589403973509933,42.1373,23.5691,HDAM,1876.0,0.8403475196563549,81,22.8,59,41
H324,3.6435998766781577,56.261512,-4.763588,HDAM,264.5,1.4061678395571031,170,44.3,54,42
H188,4.738186462324394,47.074251,9.874371,HDAM,994.2,0.28606998031811576,120,37.3,58,42
H1133,0.1950413223140496,66.467003,16.549485,HDAM,477.0,1.7519631195713443,105,21.2,50,38
H114,1.981981981981982,45.21466,6.71208,HDAM,1090.4,3.707128299788645,81,38.6,63,45
H1150,0.050387596899224806,47.84125,27.225417,HDAM,82.0,0.8160128266475416,77,21.5,58,42
H1154,2.2580645161290325,45.215,2.0380000000000003,HDAM,278.4,3.281781858655997,119,37.5,64,45
H1163,1.9329896907216495,46.457917,26.952083,HDAM,137.0,1.9167821364879227,77,21.5,58,42
H1200,0.2801120448179272,56.123701,13.11603,HDAM,7.4,0.3998925341934242,102,20.6,53,41
H1205,0.006999999999999999,62.807917,30.179583,HROR,94.8,4.958960555628057,119,24.9,47,35
H122,0.6875,40.340285,-8.196778,HPHS,85.3,3.5672866443173032,77,28.6,70,56
H123,2.9545454545454546,45.3391,22.7213,HDAM,1060.6,1.1511936653632286,95,27.2,63,47
H1233,4.270833333333334,44.407917,24.354583,HDAM,105.0,1.485641301647966,72,23.4,62,42
H1234,1.0693069306930694,40.5,-7.51,HDAM,866.0,12.933227010435752,77,28.6,70,56
H124,0.7397260273972602,39.1845,21.0255,HDAM,103.2,1.3400691661042503,98,48.0,70,48
H1240,0.2878338278931751,64.607742,15.465791,HDAM,353.0,1.4671686598568114,105,21.2,50,38
H425,0.187,47.065944,13.353102,HDAM,1668.7,0.5841090727710514,115,53.9,59,43
H126,0.7613636363636364,61.38164499999989,13.731379,HDAM,423.2,2.7707982964765376,113,30.0,49,36
H1265,0.6714285714285714,41.692083,19.832917,HDAM,77.0,2.108499924782996,98,48.0,70,48
H127,0.1711864406779661,67.493432,18.353512,HDAM,457.6,3.689416011618152,105,21.2,50,38
H1272,4.651162790697675,41.07,-7.46,HDAM,717.0,12.82962914152688,77,28.6,70,56
H643,3.1711822660098523,56.707001,-4.02,HDAM,146.6,4.09162788394086,170,44.3,54,42
H1299,3.7416666666666663,40.3095,-8.2488,HDAM,49.4,2.0767581817010243,77,28.6,70,56
H130,25.09090909090909,46.16036500000001,9.936609,HDAM,300.2,8.311517449360975,83,36.2,64,47
H132,0.38662146303299,41.368999,0.274,HDAM,74.9,9.21902549313631,119,37.5,64,45
H1328,0.4353932584269663,42.4452,25.6364,HROR,229.2,6.530616986463766,72,23.4,62,42
H1340,0.2274631531933899,40.719766,9.101024,HDAM,202.8,6.276112505582622,61,28.9,67,54
H136,0.9789473684210528,38.7415,21.3642,HDAM,143.0,5.3902086096935315,43,14.4,72,57
H1365,0.5450678011167243,47.165417,24.877917,HDAM,798.0,1.9469775270474343,72,23.4,62,42
H137,0.8183333333333334,67.729796,17.4849399999999,HDAM,599.8,2.828698313577162,105,21.2,50,38
H140,6.956521739130435,43.759998,19.289,HDAM,338.0,8.69362452378466,113,36.7,59,41
H725,5.115652245661321,56.771999,-3.353,HDAM,503.2,2.329402246962048,170,44.3,54,42
H870,2.921875,56.699001,-4.408,HROR,269.2,3.4514620347939977,170,44.3,54,42
H1436,0.18695652173913044,66.830913,18.97472,HDAM,297.0,5.345910239474755,105,21.2,50,38
H1462,0.5351681957186544,47.059583,22.30375,HDAM,211.5,2.349064435302418,95,27.2,63,47
H1463,0.6616257088846881,47.07875,22.207917,HDAM,190.0,3.015469565111049,95,27.2,63,47
H679,3.1953352769679304,47.077999,13.417,HDAM,2774.3,2.021065706961501,115,53.9,59,43
H1484,0.16,60.0833333,13.983333300000002,HDAM,338.0,0.8229979777898067,113,30.0,49,36
H1522,1.68,45.59125,22.95875,HDAM,320.0,0.5910078713911261,95,27.2,63,47
H1565,0.5109489051094891,44.982917,24.742083,HDAM,324.0,1.5026101193382568,72,23.4,62,42
H1566,1.954887218045113,45.082917,24.662917,HDAM,379.0,0.9859403490069171,72,23.4,62,42
H1596,0.24705882352941175,58.560479,15.082435,HDAM,86.5,2.7737476728509503,105,21.2,50,38
H1599,3.611111111111111,45.745417,24.39125,HDAM,378.0,3.506735973620717,72,23.4,62,42
H1602,2.3673469387755097,45.835417,24.860417,HDAM,417.0,2.2880505526496675,72,23.4,62,42
H161,34.95934959349593,44.2007328,15.6811168,HPHS,5.0,3.176632450134928,95,33.1,60,43
H1612,3.141361256544503,40.23,-7.39,HDAM,644.0,17.26015748349247,77,28.6,70,56
H301,1.7720588235294117,52.6564,19.1339,HDAM,52.1,5.287757788761956,93,20.3,54,39
H167,0.5064145847400405,46.39734,5.66556,HDAM,398.8,8.543993535667344,104,32.8,62,47
H169,3.506521739130435,46.8761153436,8.98702934899,HDAM,980.8,3.3537655179335935,120,37.3,58,42
H171,2.2205882352941178,42.009998,19.625,HDAM,30.0,1.2755186787006207,101,65.4,69,51
H1194,0.5325443786982248,47.235001,12.058,HDAM,1284.6,3.331201093102361,129,38.1,55,40
H1772,0.5589714924538849,45.249583,25.735417,HDAM,632.2,0.8654524484421259,72,23.4,62,42
H18,0.5850727387729285,39.730301,-6.8849,HDAM,219.3,5.292870881696111,77,28.6,70,56
H1824,0.08333333333333333,62.590859,16.406570000000002,HDAM,223.7,5.061408634831998,105,21.2,50,38
H183,5.731853053998228,40.127148,9.140644,HPHS,352.0,0.45183648602204596,78,31.4,71,48
H1840,0.3150684931506849,61.490515,14.712678,HDAM,412.5,2.401649001332895,105,21.2,50,38
H187,0.6493506493506493,45.41269000000001,2.4986200000000003,HDAM,445.9,5.262313026762142,104,32.8,62,47
H1873,0.03470437017994859,65.6833333,18.1666667,HDAM,420.0,3.1527085706057214,105,21.2,50,38
H1899,0.08918539325842696,42.6125,25.3198,HDAM,364.0,2.6447935330552204,72,23.4,62,42
H1905,0.004602510460251046,62.825417,29.475417,HROR,90.0,3.725301912478501,119,24.9,47,35
H192,0.2873134328358209,42.11625,-7.212083,HDAM,870.0,3.576337729293023,63,17.2,67,49
H198,31.64763458401305,45.923109,10.628414,HDAM,489.8,10.736526558141644,83,36.2,64,47
H201,0.17251908396946564,42.62850200000001,-7.7122,HDAM,229.6,9.85849503452541,77,28.6,70,56
H202,27.5,63.14623,16.0706,HDAM,194.1,6.1199379830782865,105,21.2,50,38
H204,2.641509433962264,46.6679,23.059,HDAM,977.1,4.2472479695411405,95,27.2,63,47
H1455,1.3453065617327549,57.775002,-4.955,HDAM,472.0,4.089565323127056,170,44.3,54,42
H213,0.8528784648187633,45.3667,24.6307,HDAM,797.5,3.3258028400336874,72,23.4,62,42
H215,7.05774647887324,45.009998,14.893,HDAM,24.2,19.023055177680824,115,53.9,59,43
H22,11.95341463414634,54.797866000000006,24.248169,HPHS,38.2,2.166243624239958,122,26.9,50,36
H222,0.4537313432835821,66.976846,18.573706,HDAM,459.6,3.961826656265589,105,21.2,50,38
H227,52.46031746031746,65.127297,19.467367000000007,HDAM,310.4,2.646236362282119,105,21.2,50,38
H229,8.676470588235292,43.448002,17.837,HDAM,95.2,5.489959804877245,113,36.7,59,41
H230,0.3528455284552845,46.9386,26.1029,HDAM,1415.9,7.630138552173452,72,23.4,62,42
H2328,0.008602150537634409,52.762083,-8.477083,HDAM,330.2,13.749158959886534,129,29.8,56,44
H24,42.78481012658228,45.202,6.585,HPHS,37.2,0.8763787221537251,81,38.6,63,45
H2488,1.7853658536585366,40.395419,19.805764,HROR,26.0,7.91222902606493,98,48.0,70,48
H2490,0.5102040816326531,62.46369,13.08091,HDAM,290.9,1.831208774433288,113,30.0,49,36
H25,2.717647058823529,56.583,25.2394,HDAM,377.6,3.5290852513421362,120,25.0,50,37
H250,2.3887079261672097,41.693192,-8.027951,HPHS,-1.9,2.753897106959639,77,28.6,70,56
H257,5.174603174603175,42.8211,0.01033,HDAM,517.0,9.58819220962915,119,37.5,64,45
H26,4.287048188029344,42.159,23.871,HPHS,405.6,5.669525953890142,81,22.8,59,41
H266,6.6890322580645165,46.2302203342,7.85719305844,HDAM,144.5,17.578140587187633,81,38.6,63,45
H275,57.615894039735096,66.2682205,20.8259525,HDAM,169.2,4.728518315019633,115,26.9,48,35
H277,0.4621072088724584,42.734001,18.497,HDAM,128.9,10.371807197371677,101,65.4,69,51
H28,0.26435045317220546,41.271328,-6.320278,HPHS,223.1,5.696401294776004,63,17.2,67,49
H286,0.36507936507936506,41.209099,-7.049,HPHS,55.1,14.149143534984225,77,28.6,70,56
H289,5.4766031195840545,64.360001,24.409,HDAM,103.0,7.119780622852581,115,26.9,48,35
H296,2.0188679245283017,46.401001,8.551,HDAM,624.0,5.593156409522869,125,41.2,58,40
H297,0.8412698412698413,46.464001,8.546,HPHS,672.3,2.3390389613534146,125,41.2,58,40
H302,1.263537906137184,41.771,20.84,HDAM,455.9,10.420406131660176,65,18.7,65,45
H303,1.3948497854077253,43.757,17.743,HDAM,391.5,9.181575262217915,113,36.7,59,41
H310,0.4393351800554017,39.5429,-8.3188,HDAM,296.7,13.545170784336502,77,28.6,70,56
H313,0.6810543074473729,41.9404,24.27,HPHS,415.8,8.04924450161513,81,22.8,59,41
H319,0.5,64.7506673477997,20.9527945518493,HDAM,915.5,3.19098630055766,115,26.9,48,35
H320,14.11320754716981,63.2411585,15.2339025,HDAM,131.2,0.7765730088227876,105,21.2,50,38
H322,0.7942307692307692,40.0966,21.8039,HDAM,405.0,18.84463226645988,65,18.7,65,45
H3283,1.3194444444444444,40.69398620000001,20.439501,HDAM,521.4,23.19371885795897,98,48.0,70,48
H3306,0.907715582450832,44.3938,8.2787,HDAM,330.5,12.25810869263067,81,38.6,63,45
H3310,1.0,37.829642,14.576644,HDAM,947.4,1.3806833829311298,84,21.8,72,59
H3314,7.1556350626118075,45.433313,7.417422,HDAM,684.2,6.700121804597283,81,38.6,63,45
H3329,2.5943396226415096,42.25183,-8.1419,HPHS,70.0,4.381183273459416,77,28.6,70,56
H3330,1.5741789354473388,40.991739,-8.1419,HDAM,455.4,16.56266846632291,77,28.6,70,56
H334,0.4457142857142857,63.197917,13.50875,HDAM,547.2,2.2334348689299617,113,30.0,49,36
H3408,5.859872611464969,42.6717259,1.7009906000000004,HDAM,1697.8,0.37140208619675497,119,37.5,64,45
H3413,2.8,46.34200870000001,9.3687663,HDAM,545.3,4.979271289659233,120,37.3,58,42
H346,0.44,66.314003,27.190001,HDAM,238.4,3.185317790337851,115,26.9,48,35
H349,0.9209060527292982,49.82354,14.434501,HDAM,255.0,8.802691932680773,94,20.7,55,38
H359,12.857142857142858,66.6313945,19.8198109999999,HDAM,251.5,3.5359114765837845,105,21.2,50,38
H377,7.352941176470589,45.435348,7.418466,HDAM,704.0,6.5009572325042955,81,38.6,63,45
H382,10.3,65.931,24.714001,HDAM,25.7,9.438173199292919,115,26.9,48,35
H384,0.19035202086049546,43.73687,6.1342300000000005,HDAM,466.8,4.182780947604093,53,20.3,68,51
H392,29.078014184397173,65.0222165,19.682859,HDAM,231.0,3.5872459026323837,105,21.2,50,38
H394,3.128555176336746,45.82519600000001,7.333163000000001,HDAM,968.0,14.827413544517391,81,38.6,63,45
H402,0.8240601503759398,64.945753,15.827496,HDAM,397.4,2.325977794889293,105,21.2,50,38
H406,0.9923916639100232,42.0135,24.2579,HDAM,598.9,7.626732514284722,81,22.8,59,41
H409,1.930215293244247,60.95096649999989,12.545216,HDAM,294.8,5.9997744280716905,113,30.0,49,36
H410,2.711621233859397,41.763285,-8.20976499999999,HPHS,492.1,2.5544602152247786,77,28.6,70,56
H42,2.7241379310344827,41.872,-8.2025,HPHS,334.4,4.53306329064198,77,28.6,70,56
H434,0.4836601307189543,48.6333,14.2375,HDAM,719.9,4.372137198943793,94,20.7,55,38
H435,1.5625,46.443064,9.334613,HDAM,1249.0,4.25792667275581,120,37.3,58,42
H439,0.4844961240310077,41.404999,21.936001,HDAM,174.6,6.408422660524082,65,18.7,65,45
H440,4.117647058823529,45.03048,6.07914,HDAM,751.2,5.805004344249261,104,32.8,62,47
H45,10.638297872340424,42.104,19.826,HDAM,106.6,1.7027582162745496,101,65.4,69,51
H456,1.9101123595505616,63.74985,13.54035,HDAM,592.8,3.1957735186752467,113,30.0,49,36
H465,0.8217821782178217,63.344498,13.4603049999999,HDAM,318.0,4.005005966144558,113,30.0,49,36
H47,5.891891891891893,45.68545,6.62248999999999,HDAM,1550.9,0.6172057546426778,81,38.6,63,45
H475,0.495609756097561,39.91727,-8.13243999999999,HDAM,182.2,5.494186651376985,77,28.6,70,56
H477,0.16642120765832105,41.958,0.634,HDAM,699.3,5.963485168795981,119,37.5,64,45
H486,0.2962962962962963,41.63253,25.33801,HDAM,300.9,5.505827761467471,81,22.8,59,41
H496,1.9908256880733943,41.584,26.108,HDAM,110.4,11.141898152206602,72,23.4,62,42
H500,1.1531531531531531,46.349998,8.6,HDAM,582.9,9.315308016225188,125,41.2,58,40
H502,40.74074074074074,64.479423,18.878073,HDAM,204.0,1.2184155058914972,105,21.2,50,38
H513,0.7705627705627706,54.87414,24.0,HDAM,48.5,4.249447386209607,122,26.9,50,36
H515,3.38,66.42400400000001,25.540001,HDAM,74.4,4.079234589997661,115,26.9,48,35
H519,0.33969118982742963,65.095,17.101667000000006,HDAM,354.0,3.178189506473669,105,21.2,50,38
H520,2.1875,62.3833333,17.3166667,HDAM,25.0,2.3884868224748645,105,21.2,50,38
H529,0.6385390428211587,46.175999,8.684,HDAM,696.5,12.215936831353906,83,36.2,64,47
H53,3.3823529411764706,45.446999,23.768,HDAM,1277.2,3.442892220239649,72,23.4,62,42
H530,32.083333333333336,64.9687,17.54421,HDAM,327.9,2.736600264119008,105,21.2,50,38
H531,17.97979797979798,65.40360600000001,18.673154,HDAM,404.2,2.9544536863591238,105,21.2,50,38
H549,9.232323232323234,66.155998,25.125,HDAM,40.0,7.740202889399039,115,26.9,48,35
H558,4.168295331161779,41.4,-7.59,HDAM,776.0,12.953952749621312,77,28.6,70,56
H566,4.156684733514012,45.2286,14.6736,HDAM,92.7,0.5879401010414446,115,53.9,59,43
H57,0.5782608695652174,42.243999,20.014999,HDAM,715.8,4.681898470243512,101,65.4,69,51
H576,1.1791907514450868,59.049013,17.465807,HDAM,46.4,0.43982681905287696,105,21.2,50,38
H578,0.8333333333333334,62.53208299999999,13.092083,HDAM,651.5,2.0862556184914056,113,30.0,49,36
H590,2.1836734693877546,66.706406,19.516481,HDAM,284.0,0.792594669115866,105,21.2,50,38
H602,9.622222222222222,66.36875,26.689583,HDAM,99.0,5.739048368661826,115,26.9,48,35
H604,1.6873873873873877,41.83225,24.42183,HDAM,565.6,10.134437967200087,81,22.8,59,41
H610,0.4252577319587629,41.61227,25.64052,HDAM,172.0,10.228800553456251,81,22.8,59,41
H627,14.067127344521225,42.02719,24.47085,HDAM,258.1,2.708167917704225,81,22.8,59,41
H634,7.567829457364341,46.3113,16.4945,HDAM,156.4,3.36585815161809,95,33.1,60,43
H635,3.7433155080213902,46.3205,16.7489,HDAM,137.9,7.20200281041924,95,33.1,60,43
H638,0.03873239436619718,39.545417,-1.502917,HDAM,620.0,4.497228180999731,63,17.2,67,49
H651,1.5693779904306218,65.509167,15.625556,HDAM,427.0,4.809437303745572,105,21.2,50,38
H659,1.6776315789473684,40.96,20.068,HDAM,133.6,1.7044954027805168,98,48.0,70,48
H68,1.9833333333333332,66.95428100000001,19.796076,HDAM,366.6,5.164447545795103,105,21.2,50,38
H680,0.2861230329041488,61.46208299999999,23.437917,HDAM,88.3,0.9694169145751012,115,26.9,48,35
H688,0.3463302752293578,42.317001,0.2,HDAM,504.0,4.3155409938047145,119,37.5,64,45
H691,0.967741935483871,41.682917,19.89625,HDAM,122.0,2.574896635100266,98,48.0,70,48
H697,0.16859504132231404,63.821222,17.1450079999999,HDAM,264.0,0.9760301711997976,105,21.2,50,38
H71,34.074074074074076,66.691226,20.345341,HDAM,167.1,5.265738458778472,105,21.2,50,38
H714,2.336565096952908,41.653,-8.231,HDAM,138.4,4.994709154458628,77,28.6,70,56
H715,0.1891891891891892,66.4990459999999,17.107241000000002,HDAM,542.1,1.3239483057537391,105,21.2,50,38
H72,31.555555555555557,46.7085534816,8.22601948865,HDAM,630.5,7.777836885208128,125,41.2,58,40
H720,0.058392857142857135,61.210576,28.782635,HDAM,70.1,6.552268457311503,119,24.9,47,35
H736,0.3708381171067737,65.476969,15.856519,HDAM,385.8,5.972728071056478,105,21.2,50,38
H743,0.2236486033144723,41.6428,24.153,HDAM,1194.9,7.665889796155167,81,22.8,59,41
H756,1.4438614900314797,40.9871,-7.5353,HDAM,535.4,3.747041168086201,77,28.6,70,56
H77,0.1886540600667408,38.890417,21.499583,HDAM,268.3,4.621852211918456,43,14.4,72,57
H78,25.294117647058826,66.503203,20.380167,HDAM,213.8,5.003219905377824,105,21.2,50,38
H783,17.3943661971831,46.59257,15.15301,HDAM,332.7,2.77157401652561,115,53.9,59,43
H795,0.08962868117797695,64.57875,26.76625,HDAM,118.0,1.2509965463204509,115,26.9,48,35
H8,2.5019047619047616,44.673,22.532,HDAM,53.4,9.643988742477877,95,27.2,63,47
H800,1.6226295828065742,41.7686,-7.9504,HDAM,714.6,1.6705086380536378,77,28.6,70,56
H804,0.08625,44.622793,22.641357,HDAM,53.3,4.072044872443688,81,22.8,59,41
H810,1.3947368421052628,44.177917,24.48375,HDAM,74.0,4.417029781775163,72,23.4,62,42
H811,1.0833333333333333,44.045417,24.57125,HDAM,64.0,3.8511925197700028,72,23.4,62,42
H812,0.8909090909090909,44.26625,24.400417,HDAM,89.0,5.954875564866907,72,23.4,62,42
H813,1.364864864864865,43.81625,24.69625,HDAM,37.0,3.745557926314133,72,23.4,62,42
H814,1.3205128205128205,43.920417,24.625417,HDAM,50.0,6.100293738357292,72,23.4,62,42
H83,30.357142857142854,46.05271,5.81285,HDAM,328.0,6.65373876709845,104,32.8,62,47
H84,18.79699248120301,46.4198999,6.9287696,HPHS,420.0,9.301475148223783,81,38.6,63,45
H850,1.0483870967741935,45.162083,22.732917,HDAM,671.2,1.2087502395477083,95,27.2,63,47
H851,0.7688888888888888,44.537083,24.325417,HDAM,134.0,4.952788229103191,72,23.4,62,42
H88,8.475609756097562,46.804819733900004,10.331344182999901,HDAM,1140.2,15.006216557210829,120,37.3,58,42
H886,1.2770809578107185,41.91922,24.19305,HDAM,1154.5,6.057101019318522,81,22.8,59,41
H888,0.12637362637362634,59.54375,13.299582999999998,HDAM,62.0,2.635538932341458,113,30.0,49,36
H894,7.052631578947367,45.120417,24.375417,HDAM,247.5,1.8793668740849119,72,23.4,62,42
H897,0.9083333333333332,47.651451,10.735525,HDAM,791.3,3.0651568286713062,129,38.1,55,40
H907,3.5,44.682917,24.292083,HDAM,145.0,4.5637019415803834,72,23.4,62,42
H908,8.91891891891892,45.012083,24.29625,HDAM,208.3,1.1112322395173546,72,23.4,62,42
H909,1.1089681774349085,46.337083,27.04625,HDAM,122.0,3.9161898995373,77,21.5,58,42
H910,1.0810810810810811,46.727083,23.29625,HDAM,520.0,1.4719086824470071,95,27.2,63,47
H918,1.7082250341997265,39.9622222,9.5055556,HDAM,693.0,5.632672022447566,78,31.4,71,48
H923,9.166666666666666,46.187083,27.18375,HDAM,108.0,1.2674890850756164,77,21.5,58,42
H936,4.203636363636363,41.41,-8.5,HDAM,123.0,35.348131023094936,77,28.6,70,56
H938,2.7333333333333334,64.717559,18.242239,HDAM,269.4,3.377081980578463,105,21.2,50,38
H94,2.696035242290749,46.0508221655,6.94899701138,HDAM,1124.5,4.219427681721038,81,38.6,63,45
H949,0.7870967741935484,45.495417,26.250417,HDAM,534.0,1.4654631369630045,72,23.4,62,42
H955,0.6673640167364017,39.5649,-7.8123,HDAM,89.3,3.635873237313232,77,28.6,70,56
H96,3.3571428571428568,46.5680720667,8.31932651704,HPHS,1942.2,0.9515322859210452,125,41.2,58,40
H97,0.5503144654088051,44.47095,6.26967,HDAM,739.0,1.5834901096578835,61,28.9,67,54
H974,0.2933333333333333,58.986325,14.106716,HDAM,59.2,7.782467463764286,113,30.0,49,36
H976,5.813953488372092,61.489482,16.381977,HDAM,115.9,1.869994361819565,105,21.2,50,38
H3424,1.669090909090909,46.159346,9.930337,HPHS,298.9,8.165852244499359,83,36.2,64,47
H3427,2.08,46.171156,10.06145,HDAM,834.7,10.396756931384727,120,37.3,58,42
N1,4.3010696774193535,58.29373399999999,6.453253,HDAM,102.2,1.9287385048398251,113,30.0,49,36
N4,62.079640974497785,58.65815500000001,6.728166000000001,HDAM,190.6,3.763311279254828,113,30.0,49,36
N5,6.924331818181818,58.65991,6.698752000000002,HDAM,57.6,3.7883235003400566,113,30.0,49,36
N7,26.226857142857146,58.50594200000001,7.417103999999998,HDAM,211.2,0.5830916633973998,113,30.0,49,36
N9,1.6046238095238097,58.76468199999999,6.36841,HDAM,315.7,1.859169956242036,113,30.0,49,36
N10,3.631472,59.01098100000001,6.445128,HDAM,629.5,2.5736409517486383,113,30.0,49,36
N12,2.403902019002375,58.77569200000001,7.012965,HDAM,719.5,1.0854514738421746,113,30.0,49,36
N13,2.487259615384616,58.93561800000001,7.088094,HDAM,897.3,1.0958450477389183,113,30.0,49,36
N14,0.19508,59.026673,7.089142999999999,HDAM,914.4,1.6245566419647737,113,30.0,49,36
N15,0.832711592178771,58.76363900000001,7.51007,HDAM,370.6,0.5532046786627695,113,30.0,49,36
N16,1.0396530303030302,58.983853,7.67232,HDAM,315.6,2.152240432422246,113,30.0,49,36
N21,2.254610886189833,58.390377,7.894692,HDAM,122.6,1.6428131894319555,113,30.0,49,36
N22,7.704329268292684,58.530437,8.334303,HDAM,129.8,2.512595188152294,113,30.0,49,36
N25,0.5609957219251337,68.090128,17.716649,HDAM,799.1,2.4758106490726304,105,21.2,50,38
N26,0.8265457732761979,58.906297,8.22607,HDAM,309.3,3.0532737202341007,113,30.0,49,36
N27,0.7861674988651838,58.951934,8.394045,HDAM,266.7,0.4539542105380301,113,30.0,49,36
N29,1.247160390516039,59.657665,6.096469,HDAM,202.7,0.4310198399901203,113,30.0,49,36
N30,2.176418823529412,59.657561,6.096339,HDAM,201.8,0.43041821672773856,113,30.0,49,36
N31,2.644078212290503,59.874602,6.073857,HDAM,621.5,1.1158357712587343,113,30.0,49,36
N34,0.4609723273415327,59.35312800000001,7.247816999999999,HDAM,913.6,3.112441230256877,113,30.0,49,36
N35,0.8941290322580646,59.353127,7.247782000000001,HDAM,913.8,3.1104671056630826,113,30.0,49,36
N36,5.255429054054055,59.12481,7.5063,HDAM,312.8,3.735557883591023,113,30.0,49,36
N37,2.0933577661431064,59.68751500000001,6.521502,HDAM,355.3,1.685164349961845,113,30.0,49,36
N38,12.324984642686507,59.526994,6.658841000000002,HDAM,334.5,3.915325833742077,113,30.0,49,36
N39,21.51154318181818,59.555761,6.598419,HDAM,374.4,4.3904135394347845,113,30.0,49,36
N40,9.373008695652171,59.651863,6.824512,HDAM,240.5,5.803132189765027,113,30.0,49,36
N42,6.214258064516129,59.690494,6.570213000000002,HDAM,555.7,1.0000606357925257,113,30.0,49,36
N43,1.4552391304347827,59.930933,6.197613,HDAM,737.1,1.5496342346874454,113,30.0,49,36
N44,1.3917171893147504,59.831861,6.881373,HDAM,679.9,2.8317548723814188,113,30.0,49,36
N45,3.0016611295681064,59.818537,6.818575999999998,HDAM,570.5,3.015329185973976,113,30.0,49,36
N46,1.508910714285714,59.850284,6.962739,HDAM,1141.3,2.2015801825448613,113,30.0,49,36
N47,0.7848877333333333,59.779587,7.728817999999999,HDAM,838.4,2.1933994786965894,113,30.0,49,36
N48,12.919639233370912,60.127577,6.337427,HDAM,334.6,1.5949815533935428,113,30.0,49,36
N49,2.283971361502348,60.125942,6.568911,HDAM,556.4,3.206678703084516,113,30.0,49,36
N50,3.0264892412231035,60.129931000000006,6.641964999999999,HDAM,524.3,0.9246966059243656,113,30.0,49,36
N53,0.6045906040268456,59.21679,8.451891999999999,HDAM,255.5,3.104410333260851,113,30.0,49,36
N54,3.409611111111111,59.356167000000006,8.177044,HDAM,251.7,2.109352227089548,113,30.0,49,36
N57,2.097594736842105,59.49854499999999,8.633632,HDAM,139.1,3.292922419153675,113,30.0,49,36
N58,4.662858552631579,59.60825300000001,8.713219,HDAM,289.0,1.4674156832688274,113,30.0,49,36
N62,0.5064610485056346,59.686023,9.142329,HDAM,162.7,3.631244029017493,113,30.0,49,36
N63,0.17528195488721804,59.825847,8.345667,HDAM,871.1,2.1896149259984825,113,30.0,49,36
N68,1.0864572727272728,60.243794,8.701658,HDAM,905.7,5.742452897806307,113,30.0,49,36
N70,2.155707386363636,60.267223,8.959338,HDAM,371.0,0.16988742498603487,113,30.0,49,36
N77,3.0561041666666666,59.862852,9.384991,HDAM,184.0,3.105928483672432,113,30.0,49,36
N80,0.5618798507462687,59.928859,9.963443,HDAM,59.4,1.3862275017838652,113,30.0,49,36
N81,1.8980740000000003,60.084174,9.816174,HDAM,153.4,2.9529145304846116,113,30.0,49,36
N85,0.8136210392902408,60.58251800000001,5.54282,HDAM,23.8,0.6159850136095036,113,30.0,49,36
N88,0.5334640968787311,60.554264,6.029859,HDAM,694.4,1.1186437875044035,113,30.0,49,36
N89,5.691142658315936,60.872580000000006,5.594089,HDAM,101.9,2.4495822908745533,113,30.0,49,36
N90,17.737089201877932,60.923999,5.98594,HDAM,421.1,1.8667620196468184,113,30.0,49,36
N91,0.6860333253416447,60.96065400000001,5.702609,HDAM,489.7,0.7165472677579114,113,30.0,49,36
N92,1.39164039408867,61.716661,5.236697,HDAM,43.0,0.7444595685824933,113,30.0,49,36
N94,1.8922787610619467,61.61468000000001,5.678051,HDAM,66.2,1.8426096727395906,113,30.0,49,36
N95,0.6233960451977401,60.55784,6.211286,HDAM,593.8,1.436958706170076,113,30.0,49,36
N96,4.069222891566266,60.662251,6.118739,HDAM,510.5,2.594740018942092,113,30.0,49,36
N97,0.6636363636363637,60.738548,6.261966,HDAM,813.5,1.6272886537542792,113,30.0,49,36
N98,4.543368700265253,60.50696800000001,7.140933,HDAM,650.6,1.8543356222696403,113,30.0,49,36
N99,7.190215789473685,60.507421,7.1407050000000005,HDAM,674.0,1.8048537517229908,113,30.0,49,36
N100,1.7663117870722431,60.575845,6.921271000000001,HDAM,195.6,2.5755768614453065,113,30.0,49,36
N101,5.045748337028825,61.021374,6.567662,HDAM,352.6,2.5947751218640898,113,30.0,49,36
N104,4.966358078602621,60.80433100000001,7.378572,HDAM,1074.7,1.6609404037624027,113,30.0,49,36
N105,12.929139175257733,60.8525,7.300704,HDAM,900.6,1.7952468732633236,113,30.0,49,36
N107,4.18243359375,61.218821,6.063636,HDAM,16.3,2.6447901896574932,113,30.0,49,36
N108,3.834784810126582,61.218879,6.063321,HDAM,23.8,2.6310618478598387,113,30.0,49,36
N109,3.2044096185737976,61.350357,6.5737619999999986,HDAM,689.6,2.2609134525575314,113,30.0,49,36
N110,6.596549056603774,61.27795,7.150453999999999,HDAM,210.0,3.2202095154009838,113,30.0,49,36
N111,17.280908496732025,61.176752,7.626967,HDAM,528.6,1.802791715296706,113,30.0,49,36
N112,1.3089819999999999,61.445797,6.009602,HDAM,58.7,2.178034212351492,113,30.0,49,36
N113,2.0196506024096386,61.520817,7.308742,HDAM,946.3,4.365827474655416,113,30.0,49,36
N114,6.676898444647758,60.529495,7.748357,HDAM,1147.4,1.6915805241561863,113,30.0,49,36
N115,0.4458977900552486,60.502858,7.862397,HDAM,989.9,2.115595751745334,113,30.0,49,36
N116,2.3118033766233768,60.567368,8.410259,HDAM,619.7,3.358006451923365,113,30.0,49,36
N118,0.6709848375451263,60.62675,8.181678999999999,HDAM,610.8,3.1482308929294334,113,30.0,49,36
N119,1.1962053543307087,60.626677,8.182144000000001,HDAM,611.0,3.12734090893538,113,30.0,49,36
N123,14.508701472556892,61.061044,7.822617,HDAM,490.4,3.9748504808717664,113,30.0,49,36
N124,0.9649617647058824,60.929748,8.422632,HDAM,717.8,3.370744708119324,113,30.0,49,36
N125,1.1757,60.80241700000001,8.638246,HDAM,811.4,2.6086885386715446,113,30.0,49,36
N126,0.6820748633113697,61.19814100000001,8.382166999999999,HDAM,578.5,0.9278203942991684,113,30.0,49,36
N127,3.780850000000001,61.141694,8.878446,HDAM,551.2,4.796203957970917,113,30.0,49,36
N128,0.6190866274179982,61.25827099999999,8.757071,HDAM,794.5,2.188107086060076,113,30.0,49,36
N129,48.854201388888896,61.504615,7.706136999999999,HDAM,211.8,3.5434697981336774,113,30.0,49,36
N130,1.1728657628128722,61.481479,9.314391,HDAM,695.9,0.9864633040851356,113,30.0,49,36
N133,1.3527323999999998,61.00656899999999,10.031814,HDAM,498.8,5.45138154866853,113,30.0,49,36
N134,1.6664840294840295,61.115301,10.454126,HDAM,132.9,3.6708898144457316,113,30.0,49,36
N137,40.6289389067524,61.564563,9.792926,HDAM,500.5,5.2944193282375815,113,30.0,49,36
N140,0.9866560283687944,61.768853,5.304794,HDAM,131.6,1.0250943031554542,113,30.0,49,36
N141,4.920616822429906,61.77111,5.2976230000000015,HDAM,3.0,1.1868733140389016,113,30.0,49,36
N143,3.7538385518590993,61.801737,5.669954,HDAM,472.2,2.2340685693325866,113,30.0,49,36
N144,3.2171078431372546,62.020561,5.839346,HDAM,328.9,2.1714336749578416,113,30.0,49,36
N145,2.25787728026534,62.107524,6.571821000000001,HDAM,247.1,1.9248882761199464,113,30.0,49,36
N147,7.416874285714287,62.232416,7.430165,HDAM,177.1,2.080748702971545,113,30.0,49,36
N148,10.7532,62.205012,7.445873,HDAM,635.3,1.1188970022795113,113,30.0,49,36
N149,4.689497757847533,62.195096,7.517685,HDAM,748.6,0.8385742712927872,113,30.0,49,36
N150,1.8735383333333333,61.899278,8.227095,HDAM,416.6,4.678639852198594,113,30.0,49,36
N152,0.5581369230769231,61.817179,8.951578,HDAM,824.1,2.821088680276826,113,30.0,49,36
N154,0.15779549929676512,62.508264,8.473486999999999,HDAM,801.0,0.9284537503246676,113,30.0,49,36
N155,2.151594642857143,62.627288,8.893746,HDAM,459.5,2.5437412212466946,113,30.0,49,36
N156,39.8294623655914,62.664258,8.514969,HDAM,310.6,6.302773669007308,113,30.0,49,36
N158,8.422303999999999,63.038848,8.655876,HDAM,21.6,3.8460436102357836,113,30.0,49,36
N159,0.33061658536585364,62.933703,9.125257,HDAM,424.9,3.610594865140453,113,30.0,49,36
N160,4.989034636871509,63.001093,9.020321,HDAM,136.9,3.0256950955641835,113,30.0,49,36
N161,2.0412712418300654,62.185692,10.611858,HDAM,593.3,6.664695437624196,113,30.0,49,36
N162,1.1479575757575755,62.621834,10.257691,HDAM,757.8,1.5088506783256064,113,30.0,49,36
N163,1.1139566666666667,62.66241700000001,10.139673,HDAM,699.2,0.8305353963540588,113,30.0,49,36
N164,2.3029166666666665,62.915995,9.680167,HDAM,604.6,5.421917059529281,113,30.0,49,36
N165,5.340004,63.113494,10.478311,HDAM,373.8,4.238460948672257,113,30.0,49,36
N169,3.7482578397212554,59.128023,11.43825,HDAM,81.4,3.4064754267883344,113,30.0,49,36
N173,0.44435975609756095,60.027536,11.323332,HDAM,114.4,5.917128193119389,113,30.0,49,36
N178,0.932,61.163873,11.456755,HDAM,220.2,1.8914226623224284,113,30.0,49,36
N179,1.1559275471698114,61.237602,11.517878,HDAM,340.8,2.6592315902105192,113,30.0,49,36
N182,0.15257152000000002,62.996363,11.826643,HDAM,710.9,2.169342024264832,113,30.0,49,36
N184,3.0963089552238805,63.300242,9.136845,HDAM,224.8,3.76582061971877,113,30.0,49,36
N189,1.69391437142078,63.355502,10.448813,HDAM,281.9,7.043922849132666,113,30.0,49,36
N190,1.6381647331786542,63.19240600000001,10.956678,HDAM,247.7,2.674293505580008,113,30.0,49,36
N191,0.8621621621621621,63.637554,10.132666,HDAM,95.6,3.866417004326794,113,30.0,49,36
N192,0.7683,63.726499,10.865013,HDAM,142.7,2.0001680531337103,113,30.0,49,36
N193,4.360443548387097,63.927744,10.233434,HDAM,332.1,1.8035891150643248,113,30.0,49,36
N194,1.721029082774049,63.84786999999999,10.682239,HDAM,183.8,1.3031586690768486,113,30.0,49,36
N197,1.0593125,63.44024399999999,11.742539,HDAM,257.9,4.643073941055096,113,30.0,49,36
N198,0.9103553333333334,64.228736,12.025878,HDAM,241.6,0.7442517577626074,113,30.0,49,36
N199,1.5300785123966942,60.805201,7.3773050000000016,HDAM,1095.0,1.7647559099375474,113,30.0,49,36
N200,0.8978549883990719,60.958423,9.300065,HDAM,353.2,0.8373481114447906,113,30.0,49,36
N201,0.8528301217038541,60.857432,5.696332,HDAM,750.0,0.721215671052416,113,30.0,49,36
N202,30.653742110009016,60.87005799999999,5.596857,HDAM,396.9,2.1382720007751352,113,30.0,49,36
N204,0.4162433712121213,59.204847,7.8351229999999985,HDAM,601.6,0.5853586301534043,113,30.0,49,36
N205,0.8143311999999999,59.310502,9.045155,HDAM,81.7,2.604618692843089,113,30.0,49,36
N206,2.143009049773756,60.911585,9.368901,HDAM,516.1,2.3910361477743955,113,30.0,49,36
N209,3.1396276595744683,58.55796700000001,7.3671820000000015,HDAM,427.0,1.6151855526397108,113,30.0,49,36
N210,4.299392293114339,62.500671,7.776139,HDAM,236.3,2.358201253329038,113,30.0,49,36
N215,17.811405263157894,63.032064,11.703242,HDAM,532.5,0.7150164627398785,113,30.0,49,36
N216,3.3085,63.032098,11.703237,HDAM,532.5,0.7115458766000228,113,30.0,49,36
N217,0.9619701030927834,59.658147,6.985078999999999,HDAM,658.9,3.796941956310517,113,30.0,49,36
N218,0.9763831347387718,60.208303,10.239006,HDAM,128.6,2.517636742696647,113,30.0,49,36
N219,4.466450867052023,60.440009,5.860706,HDAM,237.1,0.7008269096663654,113,30.0,49,36
N221,1.9734271099744245,60.974958,6.062494999999998,HDAM,624.9,1.048650124733597,113,30.0,49,36
N222,2.103958925750395,59.187073,8.039686999999999,HDAM,809.3,1.6995093731127824,113,30.0,49,36
N226,1.7893593919652553,60.464283,5.915178,HDAM,488.4,1.4136013668918943,113,30.0,49,36
N229,2.351090243902439,60.255341,5.740831,HDAM,312.6,2.6189492736363222,113,30.0,49,36
N230,3.014168152866242,59.636706,11.154443,HDAM,88.3,0.9573548605629062,113,30.0,49,36
N231,2.6778074074074074,58.478973,6.0309940000000015,HDAM,22.8,1.1229226941203259,113,30.0,49,36
N236,62.547530769230775,64.703361,12.836591,HDAM,158.7,5.415833526517427,113,30.0,49,36
N237,0.29722043230016315,64.695063,13.64173,HDAM,503.3,6.425470019204598,113,30.0,49,36
N239,0.17890060483870968,64.886275,13.562079,HDAM,426.5,3.5448905173882674,113,30.0,49,36
N240,2.9189994683678897,65.20919599999999,12.796868,HDAM,152.3,3.3905973099954916,113,30.0,49,36
N241,1.7150816053511706,65.80354399999999,12.72901,HDAM,8.1,5.240915494493249,113,30.0,49,36
N242,0.3520906604142243,65.88709200000001,13.800660999999998,HDAM,368.4,1.4715714995356508,113,30.0,49,36
N243,5.214210144927536,66.053038,13.336591,HDAM,117.9,2.4393067879932318,113,30.0,49,36
N244,105.31578947368419,66.052027,13.774634,HDAM,255.7,3.2545841040007306,113,30.0,49,36
N245,3.222005555555556,66.310342,13.563553,HDAM,30.2,2.6480407104419537,113,30.0,49,36
N246,0.8949823529411765,66.06270699999999,13.997822,HDAM,63.4,3.1574358279134773,113,30.0,49,36
N247,5.673861111111113,66.336842,14.166999,HDAM,31.6,6.332886607159788,113,30.0,49,36
N248,0.7713972972972972,66.375658,13.657310999999998,HDAM,593.8,1.8584985163296817,113,30.0,49,36
N249,2.029126213592233,66.645942,13.560479,HDAM,8.4,1.6629081904541951,113,30.0,49,36
N250,0.7034073017683969,66.724624,13.941961,HDAM,627.6,3.341057208458091,113,30.0,49,36
N251,2.1116150375939853,66.97119599999999,14.157405,HDAM,109.0,1.747729237485267,113,30.0,49,36
N252,0.7621548183254344,66.951346,14.2253,HDAM,335.3,1.706132945170885,113,30.0,49,36
N253,1.3689214285714286,67.129685,14.955135999999998,HDAM,2.0,2.075080269789749,113,30.0,49,36
N255,1.6749009321878998,67.323103,15.722385999999998,HDAM,289.5,2.8563899776465336,105,21.2,50,38
N256,0.4923076193487196,67.082708,16.055170999999998,HDAM,474.3,1.6638911883630554,105,21.2,50,38
N258,0.7667128964059197,67.12091099999999,16.120824,HDAM,405.1,3.5517315665594262,105,21.2,50,38
N259,0.4504112068965517,67.355703,14.8518,HDAM,10.9,1.8691314101631697,113,30.0,49,36
N260,0.5079543360433604,67.62162099999999,16.007076,HDAM,506.9,1.5357286411057822,105,21.2,50,38
N262,0.9479835294117648,67.807909,16.115713,HDAM,399.8,1.5631677241510389,105,21.2,50,38
N263,1.1224597402597405,67.824218,15.993795,HDAM,76.4,0.5916549576464738,105,21.2,50,38
N264,2.8434439252336445,68.06065600000001,16.668725,HDAM,323.6,1.2929396842696632,105,21.2,50,38
N265,3.1279595588235294,68.20108499999999,17.36584,HDAM,253.1,2.5917391493108486,105,21.2,50,38
N266,2.046,68.536733,17.028622,HDAM,8.9,0.580533317048571,105,21.2,50,38
N267,0.8618125,68.403304,17.421529999999994,HDAM,60.0,3.4287209764984823,105,21.2,50,38
N268,2.5970252897787143,68.397625,17.799681,HDAM,490.5,3.2094909118234085,105,21.2,50,38
N269,1.0488165803108809,68.475637,17.626088,HDAM,5.9,3.4190001612183063,105,21.2,50,38
N270,4.529073469387755,67.451702,15.742424,HDAM,348.9,2.7342793992756578,105,21.2,50,38
N271,0.4871969814995131,68.657726,18.821514,HDAM,330.7,2.5127374428923632,105,21.2,50,38
N274,0.9179594694178336,68.87546999999999,19.559838,HDAM,171.6,2.2918129501274107,105,21.2,50,38
N275,2.3384361263736264,69.312883,20.34206,HDAM,332.7,4.429197700220397,115,26.9,48,35
N276,2.5256731054977712,69.45675899999999,20.909812,HDAM,487.8,2.1622339595690843,115,26.9,48,35
N277,1.199242718446602,69.68426099999999,22.154025,HDAM,435.0,0.9953340831439136,115,26.9,48,35
N278,5.647020740740741,69.718538,23.807803,HDAM,334.5,2.424376567009415,115,26.9,48,35
N279,1.1232596153846155,70.401409,23.627291,HDAM,73.5,2.548514580514321,115,26.9,48,35
N280,8.495562231759656,69.71935400000001,22.057419,HDAM,36.8,2.9566919233700872,115,26.9,48,35
N281,0.10752347242921012,69.372939,29.694000000000006,HDAM,41.9,1.2432805399902274,119,24.9,47,35
N283,0.5549819308208571,70.409576,26.701874,HDAM,105.0,1.3297201024797431,115,26.9,48,35
N284,0.2604506976744186,62.673965,11.454045,HDAM,688.3,4.463241012120844,113,30.0,49,36
N287,13.500833333333333,61.841526,5.802617,HDAM,52.4,1.0989206274467531,113,30.0,49,36
N288,4.629383783783784,60.44,6.412634,HDAM,680.0,3.2354223438277896,113,30.0,49,36
N289,3.9469806697522474,61.297126,7.849949,HDAM,1085.9,3.275460414205879,113,30.0,49,36
N290,2.5340926966292128,61.4371,7.2347899999999985,HDAM,293.3,5.733601718504039,113,30.0,49,36
N291,1.070752635449865,66.294966,14.270422,HDAM,361.7,4.8791275145372435,113,30.0,49,36
N293,2.5119447513812148,62.149826,7.43549,HDAM,689.2,1.3149780181906698,113,30.0,49,36
N294,3.090560997328584,59.04381600000001,6.6465429999999985,HDAM,763.9,2.4927549281397505,113,30.0,49,36
N295,5.579211764705882,66.796875,14.000939,HDAM,4.8,1.1660052609234135,113,30.0,49,36
N296,3.4227180989583332,59.625305,7.853282000000001,HDAM,644.1,1.458837973967816,113,30.0,49,36
N297,0.6575172054223148,60.978203,6.516092,HDAM,867.4,0.5424760567309332,113,30.0,49,36
N299,0.5460162444401471,59.736731000000006,7.434555,HDAM,816.7,0.863340848947663,113,30.0,49,36
N301,207.83419642857143,59.445572,8.040303,HDAM,217.0,2.8896476947330263,113,30.0,49,36
N302,2.325365979381443,59.496878,7.829058,HDAM,553.2,2.389054747630079,113,30.0,49,36
N303,4.049006622516556,59.46516,7.932223,HDAM,299.2,4.028141270309087,113,30.0,49,36
N306,2.8296132872503845,59.885372,8.673893,HDAM,313.3,3.545518460414213,113,30.0,49,36
N307,0.6256030614654673,58.881372,6.817814,HDAM,652.4,1.06712996460944,113,30.0,49,36
N308,1.8308433734939757,61.937434,7.886852999999999,HDAM,798.3,2.3322407269972367,113,30.0,49,36
N310,6.03185,63.986371,11.094741,HDAM,138.8,3.7022584051101775,113,30.0,49,36
N312,1.35,59.159053,6.612866,HDAM,775.8,0.7655230067064818,113,30.0,49,36
N313,31.799107142857146,59.844023,5.994117,HDAM,295.4,0.9463991327831884,113,30.0,49,36
N318,29.16623229461757,59.639932,6.379562,HDAM,250.2,3.6217083994595134,113,30.0,49,36
N320,7.752667922159448,61.511812,6.60963,HDAM,728.7,1.865129868781374,113,30.0,49,36
N321,3.7782340862422994,59.00283100000001,6.081568,HDAM,152.1,2.4018369243472795,113,30.0,49,36
N324,9.095744680851064,61.23865,6.15936,HDAM,440.3,1.1519729265190428,113,30.0,49,36
N326,0.2070063694267516,66.057335,14.243865,HDAM,618.4,1.9261738533800408,113,30.0,49,36
N332,2.254610886189833,58.391758,7.894413,HDAM,181.8,1.5222107902386317,113,30.0,49,36
N333,105.31578947368419,66.052217,13.772272,HDAM,276.7,3.1514820867834104,113,30.0,49,36
N337,0.44435975609756095,60.029155,11.319597,HDAM,126.1,6.146872612770367,113,30.0,49,36
N343,2.6978417266187047,59.065338,6.632272,HDAM,649.4,2.2003117284324314,113,30.0,49,36
N345,0.21618271428571428,59.128898,6.892177,HPHS,923.1,1.2568579760866476,113,30.0,49,36
N346,0.429008676092545,59.479142,6.692334,HPHS,1041.9,1.6914853104286922,113,30.0,49,36
N347,0.1984636363636364,60.191554,6.389273,HPHS,978.7,0.8537732664524136,113,30.0,49,36
N348,0.277904347826087,61.00358000000001,8.068592,HPHS,1161.9,3.740127583605288,113,30.0,49,36
N349,0.4270417163289631,61.56590500000001,7.866189,HPHS,1086.8,0.3870026597266446,113,30.0,49,36
N350,0.2907663551401869,64.046234,11.082015,HPHS,281.1,0.8935046129154635,113,30.0,49,36
N351,0.3797459821428572,60.79813100000001,7.5714070000000016,HPHS,1147.6,0.9778483618680436,113,30.0,49,36
N352,0.4232422680412371,63.39412,11.913236,HPHS,454.5,1.4777165551151092,113,30.0,49,36
N353,0.7933424124513618,60.892783,6.065016,HPHS,649.4,2.2017272656458333,113,30.0,49,36
N356,0.1433567921440262,58.418928,6.109621,HDAM,75.0,0.5670319974044187,113,30.0,49,36
N358,1.1074415584415584,58.828059,6.055009,HDAM,44.1,1.4179272300736978,113,30.0,49,36
N362,1.5138969957081545,58.281282,6.815432,HDAM,26.0,1.2042187453742883,113,30.0,49,36
N363,1.518838383838384,58.222591,7.335344,HDAM,43.4,0.8197123970448038,113,30.0,49,36
N365,0.2670666666666667,58.662373,6.617867,HDAM,356.3,1.3472503668232407,113,30.0,49,36
N366,0.5124575,58.716308,6.632331,HDAM,445.2,0.5080264544063963,113,30.0,49,36
N368,0.530688,58.752982,7.857013,HDAM,255.0,1.881554760381688,113,30.0,49,36
N371,0.04650614250614251,59.00784300000001,8.551741,HDAM,246.8,0.8677275684122757,113,30.0,49,36
N375,0.07174,58.96678000000001,9.313175,HDAM,43.6,2.0909742612271955,113,30.0,49,36
N377,0.19597272727272727,59.052673,10.018279,HDAM,5.7,2.645196902867297,113,30.0,49,36
N381,1.4244632352941176,59.874725,6.074132,HDAM,631.2,1.0981544468884752,113,30.0,49,36
N390,0.16833991228070175,59.674308,8.558894,HDAM,755.5,2.5693524061534827,113,30.0,49,36
N391,0.2910174897119341,59.71544100000001,8.699349,HDAM,746.2,1.3810542884702552,113,30.0,49,36
N396,0.2317589743589744,59.362264,9.663048,HDAM,266.8,1.6803862506176617,113,30.0,49,36
N397,1.2739161676646706,59.24281600000001,9.811942,HDAM,36.0,0.5971590559280319,113,30.0,49,36
N399,0.16754779969650985,59.733039,9.872011,HDAM,4.2,3.625489143635621,113,30.0,49,36
N400,0.29573698630136985,59.43871600000001,10.668395,HDAM,6.1,0.6478497601269482,113,30.0,49,36
N401,1.4145380710659898,60.053334,9.54561,HDAM,119.0,1.1335234833979402,113,30.0,49,36
N402,1.1545104895104894,59.91378100000001,9.885792,HDAM,34.4,5.932814150635703,113,30.0,49,36
N403,0.6082957198443579,59.996669,10.749974,HDAM,155.8,1.6637388437803908,113,30.0,49,36
N407,0.03731669114047968,60.227748,10.376135,HDAM,130.9,1.1992506470033564,113,30.0,49,36
N408,0.694025,60.420730000000006,10.384411,HDAM,138.8,2.4860578855518987,113,30.0,49,36
N419,1.04296875,61.16020500000001,5.478088,HDAM,128.1,1.4144511728768188,113,30.0,49,36
N423,0.6854745762711864,61.44609200000001,5.335162,HDAM,45.6,0.9571121303065327,113,30.0,49,36
N425,1.6484052631578947,61.675014,5.783222,HDAM,130.1,2.2586763874532463,113,30.0,49,36
N428,2.388247619047619,60.746899,7.134759,HDAM,676.3,1.1236802786396158,113,30.0,49,36
N430,1.840425,60.804002,7.35285,HDAM,1214.0,1.1365583294374997,113,30.0,49,36
N431,0.5056752336448599,61.750061,6.276408,HDAM,57.4,3.499295111050564,113,30.0,49,36
N433,0.4509729119638826,61.16328299999999,7.750692,HDAM,986.1,1.3932354109400706,113,30.0,49,36
N434,1.4817454545454545,61.176741,8.390972999999999,HDAM,472.0,1.5025454248097465,113,30.0,49,36
N435,0.6936756756756757,61.651647,7.749792999999999,HDAM,1033.3,0.6790033098839969,113,30.0,49,36
N436,0.1808806161745828,60.667445,10.601301,HDAM,356.0,3.2469336034413927,113,30.0,49,36
N441,2.2796642335766424,61.240405,10.058534,HDAM,343.7,4.812180393259493,113,30.0,49,36
N444,0.5342139037433156,61.124574,10.695165,HDAM,699.7,2.5987489223263407,113,30.0,49,36
N446,0.4539194630872483,61.999026,5.458976,HDAM,17.2,1.3388718923461576,113,30.0,49,36
N448,1.3827814569536423,62.166186,5.568516000000002,HDAM,3.9,2.184700974535147,113,30.0,49,36
N449,0.4516044444444444,62.256071,5.583927,HDAM,9.0,2.0597051872704037,113,30.0,49,36
N452,0.92184,62.03365,6.395565,HDAM,71.4,0.5413343363352758,113,30.0,49,36
N455,2.3746792130025667,62.134142,6.299359,HDAM,197.7,1.163524672013722,113,30.0,49,36
N457,2.0239691358024694,62.34751800000001,8.050175,HDAM,163.9,4.005748101910325,113,30.0,49,36
N459,0.3929203539823009,62.840822,7.701925,HDAM,224.0,2.0715947890168915,113,30.0,49,36
N460,0.8393354037267079,62.833476,8.300592,HDAM,25.7,1.5318843923172096,113,30.0,49,36
N461,1.5862761904761904,62.804585,8.502891,HDAM,96.6,1.4715298936493744,113,30.0,49,36
N464,0.502275294117647,62.231331,10.342027,HDAM,742.6,2.263536314516921,113,30.0,49,36
N465,0.2172583333333333,63.111583,10.601726,HDAM,489.2,2.137170929514649,113,30.0,49,36
N466,0.9499921895339756,59.148451,11.556397,HDAM,83.3,3.50826009762254,113,30.0,49,36
N470,0.15017565485362094,59.4806,11.65264,HDAM,112.8,2.7751816340003828,113,30.0,49,36
N472,0.09504683648315528,60.286995,11.194128,HDAM,150.0,5.841381862806696,113,30.0,49,36
N479,0.5632914572864323,63.293668,9.728589,HDAM,85.9,2.268931517337075,113,30.0,49,36
N483,0.4120153846153846,63.14048100000001,10.968042,HDAM,358.1,1.4402726866748552,113,30.0,49,36
N485,0.3651973333333334,63.848701,9.890697,HDAM,8.2,1.9271561040149048,113,30.0,49,36
N490,0.11003142536475873,64.843237,11.971394,HDAM,95.8,1.2925458631044424,113,30.0,49,36
N491,0.3671560178306092,64.838852,11.95325,HDAM,50.0,1.9393233326223749,113,30.0,49,36
N497,0.07676470588235294,62.133172,7.5592380000000015,HDAM,1349.3,0.8258111206471496,113,30.0,49,36
N500,0.5968655462184873,64.46592,10.946658,HDAM,20.7,1.2795637250488354,113,30.0,49,36
N501,0.8101690140845071,64.42932900000001,10.959254,HDAM,64.9,0.9557015550553892,113,30.0,49,36
N507,0.28629794520547946,59.367561,7.892581,HDAM,739.5,1.3867438569971635,113,30.0,49,36
N508,0.0812430303030303,64.078152,11.632431,HDAM,20.1,1.6712244636498026,113,30.0,49,36
N510,1.7776886035313002,59.323002,9.53647,HDAM,145.2,2.237188193382305,113,30.0,49,36
N515,0.3322689075630252,60.99510400000001,5.7228910000000015,HDAM,599.5,0.917119864089832,113,30.0,49,36
N517,2.8270384615384616,62.357548,6.894803,HDAM,14.7,4.665674356246454,113,30.0,49,36
N518,0.263752,63.027127,11.70028,HDAM,531.0,1.1972753104772158,113,30.0,49,36
N519,0.39204054054054055,63.796846,11.816394,HDAM,43.0,3.840188135509901,113,30.0,49,36
N520,0.20082233502538072,63.244057,10.16954,HDAM,127.2,1.6670074949776346,113,30.0,49,36
N522,0.10139544962080174,61.029947,9.049017,HDAM,359.6,0.6530287531480539,113,30.0,49,36
N527,0.20918525703200772,59.72911600000001,6.627519,HDAM,782.9,0.2559827890051111,113,30.0,49,36
N528,0.26050980392156864,59.919097,6.187562000000002,HDAM,750.8,0.8896658036734747,113,30.0,49,36
N529,0.40567741935483853,60.943698,10.745986,HDAM,227.1,3.320757334703832,113,30.0,49,36
N532,2.0212234042553194,58.358825,6.300171,HDAM,80.2,3.1471875795181705,113,30.0,49,36
N538,0.7267277486910994,60.033452,12.371142,HDAM,133.2,1.5966823345726748,113,30.0,49,36
N541,0.06843545454545455,64.690137,13.215878,HDAM,353.6,3.918152067194325,113,30.0,49,36
N545,0.54025,66.822241,13.980626,HDAM,282.3,1.5629083636822287,113,30.0,49,36
N546,0.97515,66.875106,13.84261,HDAM,68.9,1.0731195174128936,113,30.0,49,36
N547,0.5392717391304348,66.88729599999999,14.153085,HDAM,425.3,1.366665530188019,113,30.0,49,36
N551,0.14212527472527473,68.004201,13.161108,HDAM,22.1,2.1804406808043506,113,30.0,49,36
N553,0.7882352941176469,68.362655,14.930794,HDAM,5.8,1.3069577438081972,113,30.0,49,36
N556,0.5198141025641025,68.586646,15.514319,HDAM,154.4,0.8741314154171999,105,21.2,50,38
N559,1.1337164179104475,68.61157800000001,15.58176,HDAM,6.6,2.7656873689977366,105,21.2,50,38
N561,0.2722347826086957,68.237491,16.747107,HDAM,57.7,0.4966030103371062,105,21.2,50,38
N562,0.433172,68.327861,16.786002,HDAM,84.3,3.4428569753527456,105,21.2,50,38
N564,0.4819285714285715,68.62524599999999,17.260847000000002,HDAM,33.9,2.3212527210195173,105,21.2,50,38
N565,0.3345481481481481,68.92748900000001,15.776553,HDAM,21.0,1.9901252931704796,105,21.2,50,38
N570,1.3483372093023256,69.433207,17.483038,HDAM,2.0,2.2838953266787936,105,21.2,50,38
N571,0.7785000000000001,69.38703199999999,17.797773,HDAM,47.0,1.3987902108141783,105,21.2,50,38
N572,1.10859,66.303985,14.187881,HDAM,157.5,4.379959041403141,113,30.0,49,36
N573,0.6553615384615384,68.241911,14.479522,HDAM,36.3,0.9713832794696288,113,30.0,49,36
N574,0.6096606060606059,67.939458,12.981879,HDAM,7.0,0.8901439222383541,113,30.0,49,36
N577,0.4602487725040917,69.235588,20.523863,HDAM,585.7,0.4553072114961954,115,26.9,48,35
N581,0.5956705202312138,69.963365,18.907725,HDAM,4.3,1.2381945552769495,105,21.2,50,38
N582,0.4372370990237099,69.659081,22.217644,HDAM,613.2,0.8728850317990939,115,26.9,48,35
N583,0.1923071895424837,69.69160600000001,22.160803,HDAM,315.7,1.2541498442866508,115,26.9,48,35
N584,0.50898,70.11798399999999,22.796744,HDAM,5.4,1.932789398335489,115,26.9,48,35
N585,0.27531,70.382998,23.702772,HDAM,227.4,0.9801609880652702,115,26.9,48,35
N586,0.570377358490566,70.657935,23.714418,HDAM,17.4,0.5319176296090338,115,26.9,48,35
N588,0.4285610687022901,69.829488,25.167115,HDAM,75.3,2.4122136963648355,115,26.9,48,35
N589,0.4258994082840236,70.01472199999999,29.115233,HDAM,8.8,0.8607622791307153,119,24.9,47,35
N590,0.21861975028376845,70.59872,29.057885,HDAM,150.0,1.2913239374737004,119,24.9,47,35
N591,0.7111111111111111,69.762349,30.706361,HDAM,2.2,1.1716837304945251,119,24.9,47,35
N592,0.9504285714285716,70.773472,25.616455,HDAM,4.8,1.803342467019844,115,26.9,48,35
N594,0.20672033023735809,60.16857099999999,6.671919,HDAM,1033.3,0.6356137286988514,113,30.0,49,36
N595,0.4792044444444444,60.18165,6.693228,HDAM,1112.1,0.9679357222066584,113,30.0,49,36
N615,0.25761290322580643,68.174304,17.919127,HDAM,661.0,0.7088660430317736,105,21.2,50,38
N617,1.821984251968504,58.629862,8.687982,HDAM,129.9,1.6077330077025198,113,30.0,49,36
N619,1.6351304347826088,70.751417,27.355041,HDAM,18.5,1.7772591817684926,115,26.9,48,35
N621,1.1838006230529594,59.73255500000001,7.544277,HDAM,577.6,1.1553782311680396,113,30.0,49,36
N623,0.038198130841121496,60.08339399999999,8.286923,HDAM,1089.9,1.9573252047580905,113,30.0,49,36
N624,0.9458483754512635,59.62480600000001,9.953291,HDAM,22.5,3.4967324336919225,113,30.0,49,36
N631,0.22922636103151864,61.792346,5.354404,HDAM,232.8,1.1590334685350003,113,30.0,49,36
N644,0.7941176470588235,67.31378000000001,15.676101,HDAM,7.4,1.7955729460632637,105,21.2,50,38
N646,2.3686666666666665,60.976254,5.280915,HDAM,5.1,1.5494805658479691,113,30.0,49,36
N652,3.0158730158730163,58.600174,7.673136,HDAM,192.6,4.075619195568747,113,30.0,49,36
N660,0.15723076923076926,60.10165,6.913308,HDAM,1200.0,0.8871120100673479,113,30.0,49,36
N668,0.7961165048543688,62.139844,7.439766,HDAM,915.2,1.7236404134289667,113,30.0,49,36
N674,0.2358490566037736,59.161687,8.730756,HDAM,435.4,2.9766503127223327,113,30.0,49,36
N683,0.06567164179104477,60.433067,8.734342,HDAM,740.6,5.062814153060197,113,30.0,49,36
N685,0.2735849056603773,61.82909300000001,5.78213,HDAM,391.2,0.3905074817686217,113,30.0,49,36
N686,0.45,61.821713,5.799066000000002,HDAM,394.5,0.8745422382425527,113,30.0,49,36
N690,0.23929961089494164,63.03244599999999,8.836884,HDAM,295.4,1.3345274687836746,113,30.0,49,36
N717,0.5909090909090909,58.662011,8.062453999999999,HDAM,211.2,0.3629755267352729,113,30.0,49,36
N731,0.0427807486631016,62.930266,12.151988,HDAM,846.4,2.2738971835327444,113,30.0,49,36
N758,1.5833333333333333,60.678333,10.352728,HDAM,137.6,5.008615271991483,113,30.0,49,36
N759,0.13002364066193856,59.739328,6.518956,HDAM,531.7,2.0895027751051916,113,30.0,49,36
N769,0.3282828282828283,60.983575,5.698889,HDAM,598.4,0.9138706526056766,113,30.0,49,36
N864,0.9338521400778209,59.708007,6.857516,HDAM,757.5,0.7358024161337853,113,30.0,49,36
N870,0.4977777777777778,65.786879,12.87525,HDAM,199.6,2.191462684738508,113,30.0,49,36
N880,0.717741935483871,61.23997900000001,6.247422,HDAM,751.1,0.9825377375462686,113,30.0,49,36
N886,0.2989130434782609,65.375479,12.753035,HDAM,287.2,0.9389314826809227,113,30.0,49,36
N890,0.625,61.01993,8.127023,HDAM,1140.0,2.096928513859436,113,30.0,49,36
N899,0.03731669114047968,60.227764,10.375241,HDAM,130.5,1.2198204131429309,113,30.0,49,36
N902,0.625,58.57946,7.967914,HDAM,342.3,0.7875217274875964,113,30.0,49,36
N904,0.33235294117647063,62.112823,7.3877869999999985,HDAM,925.1,0.3858484417873306,113,30.0,49,36
N1004,0.6595744680851063,59.400865,9.550383,HDAM,286.5,3.1998252714196216,113,30.0,49,36
N1018,0.1567901234567901,64.254483,12.545905,HDAM,102.2,3.3034797963106346,113,30.0,49,36
N1055,0.19597272727272727,59.052309,10.018394,HDAM,4.2,2.6437683473705498,113,30.0,49,36
