plant_id,gwh_per_mm3,grade,latitude,longitude,type,altitude_m,nearest_lake_dist_km,days_of_rain,inches_of_rain,avg_high_temp,avg_low_temp,50m_gradient,100m_gradient,500m_gradient
H215,7.05774647887324,2,45.009997999999996,14.892999999999999,HDAM,24.2,19.023055177680824,115,53.9,59,43,11.5,26.1,160.0
N660,0.15723076923076926,0,60.10165,6.913308,HDAM,1200.0,0.8871120100673479,113,30.0,49,36,8.2,16.5,90.1
H549,9.232323232323234,2,66.155998,25.125,HDAM,40.0,7.740202889399039,115,26.9,48,35,2.0,2.0,7.0
N717,0.5909090909090909,0,58.662011,8.062453999999999,HDAM,211.2,0.3629755267352729,113,30.0,49,36,22.3,45.3,273.0
N34,0.4609723273415327,0,59.35312800000001,7.247816999999999,HDAM,913.6,3.112441230256877,113,30.0,49,36,13.4,26.1,127.0
N104,4.966358078602621,2,60.80433100000001,7.378572,HDAM,1074.7,1.6609404037624027,113,30.0,49,36,29.8,71.6,394.0
N441,2.2796642335766424,1,61.240405,10.058534,HDAM,343.7,4.812180393259493,113,30.0,49,36,8.2,25.2,167.0
N68,1.0864572727272728,0,60.243793999999994,8.701658,HDAM,905.7,5.742452897806307,113,30.0,49,36,6.2,13.0,79.2
N297,0.6575172054223148,0,60.978203,6.5160919999999996,HDAM,867.4,0.5424760567309332,113,30.0,49,36,18.3,27.7,98.1
N518,0.263752,0,63.027127,11.700280000000001,HDAM,531.0,1.1972753104772158,113,30.0,49,36,4.0,8.9,81.5
N588,0.4285610687022901,0,69.829488,25.167115,HDAM,75.3,2.4122136963648355,115,26.9,48,35,13.9,20.3,68.6
N433,0.4509729119638826,0,61.16328299999999,7.750692,HDAM,986.1,1.3932354109400706,113,30.0,49,36,15.1,30.6,202.0
H907,3.5,1,44.682916999999996,24.292082999999998,HDAM,145.0,4.563701941580384,72,23.4,62,42,0.0,0.0,1.0
N365,0.2670666666666667,0,58.662372999999995,6.6178669999999995,HDAM,356.3,1.3472503668232407,113,30.0,49,36,10.1,27.1,127.0
N532,2.0212234042553194,1,58.358825,6.300171,HDAM,80.2,3.1471875795181705,113,30.0,49,36,7.9,10.3,49.5
H1,3.5,1,46.0731,7.4034,HDAM,2364.0,1.4817126922176032,81,38.6,63,45,22.9,67.9,325.0
H812,0.8909090909090909,0,44.26625,24.400417,HDAM,89.0,5.954875564866907,72,23.4,62,42,0.0,0.0,6.0
H297,0.8412698412698413,0,46.464001,8.546,HPHS,672.3,2.3390389613534146,125,41.2,58,40,29.5,52.7,216.0
N586,0.570377358490566,0,70.657935,23.714418,HDAM,17.4,0.5319176296090338,115,26.9,48,35,11.3,25.0,107.0
N219,4.466450867052023,1,60.440008999999996,5.8607059999999995,HDAM,237.1,0.7008269096663654,113,30.0,49,36,21.6,39.6,212.0
H3306,0.907715582450832,0,44.3938,8.2787,HDAM,330.5,12.25810869263067,81,38.6,63,45,10.5,26.0,62.8
N210,4.299392293114339,1,62.500671,7.776139,HDAM,236.3,2.358201253329038,113,30.0,49,36,74.2,154.0,638.0
N99,7.190215789473685,2,60.507420999999994,7.1407050000000005,HDAM,674.0,1.8048537517229908,113,30.0,49,36,29.1,64.7,234.0
N147,7.416874285714287,2,62.232416,7.430165,HDAM,177.1,2.080748702971545,113,30.0,49,36,46.9,121.0,661.0
N565,0.3345481481481481,0,68.92748900000001,15.776553,HDAM,21.0,1.99012529317048,105,21.2,50,38,3.0,6.3,48.9
N553,0.7882352941176469,0,68.362655,14.930794,HDAM,5.8,1.3069577438081972,113,30.0,49,36,8.5,12.6,214.0
H103,7.513346557098331,2,42.198002,23.862,HPHS,1178.9,6.151777853828534,81,22.8,59,41,8.6,45.7,213.0
H1048,0.2868686868686869,0,63.82958299999999,15.642083,HDAM,287.0,2.238560237980974,105,21.2,50,38,0.6,1.0,3.0
N47,0.7848877333333333,0,59.779587,7.728817999999999,HDAM,838.4,2.1933994786965894,113,30.0,49,36,26.6,49.9,280.0
N425,1.6484052631578947,0,61.675014000000004,5.783222,HDAM,130.1,2.2586763874532463,113,30.0,49,36,16.1,34.3,159.0
H1484,0.16,0,60.0833333,13.983333300000002,HDAM,338.0,0.8229979777898067,113,30.0,49,36,2.4,6.0,27.0
N615,0.25761290322580643,0,68.174304,17.919127,HDAM,661.0,0.7088660430317736,105,21.2,50,38,0.0,0.0,18.5
N63,0.17528195488721804,0,59.825846999999996,8.345667,HDAM,871.1,2.1896149259984825,113,30.0,49,36,13.8,36.1,61.9
H910,1.0810810810810811,0,46.727083,23.29625,HDAM,520.0,1.4719086824470071,95,27.2,63,47,13.5,41.4,222.0
H659,1.6776315789473684,1,40.96,20.067999999999998,HDAM,133.6,1.7044954027805168,98,48.0,70,48,10.2,16.9,140.0
H296,2.0188679245283017,1,46.401001,8.551,HDAM,624.0,5.593156409522869,125,41.2,58,40,57.4,112.0,457.0
N30,2.1764188235294117,1,59.657561,6.0963389999999995,HDAM,201.8,0.43041821672773856,113,30.0,49,36,25.4,67.1,416.0
N538,0.7267277486910994,0,60.033452000000004,12.371141999999999,HDAM,133.2,1.5966823345726748,113,30.0,49,36,3.8,6.4,36.9
N256,0.4923076193487196,0,67.082708,16.055170999999998,HDAM,474.3,1.6638911883630554,105,21.2,50,38,5.8,15.8,40.8
N149,4.689497757847533,1,62.195096,7.517685,HDAM,748.6,0.8385742712927872,113,30.0,49,36,41.8,91.3,460.0
H93,4.721428571428572,1,47.067783,10.665211,HDAM,870.0,15.62554722333132,120,37.3,58,42,0.5,21.2,313.0
H720,0.058392857142857135,0,61.210576,28.782635,HDAM,70.1,6.552268457311503,119,24.9,47,35,7.4,7.6,19.6
N595,0.4792044444444444,0,60.18165,6.6932279999999995,HDAM,1112.1,0.9679357222066584,113,30.0,49,36,21.1,47.5,153.0
N278,5.647020740740741,2,69.718538,23.807803,HDAM,334.5,2.424376567009415,115,26.9,48,35,1.9,5.9,40.9
N242,0.3520906604142243,0,65.88709200000001,13.800660999999998,HDAM,368.4,1.4715714995356508,113,30.0,49,36,9.1,17.6,77.6
N668,0.7961165048543688,0,62.139844,7.4397660000000005,HDAM,915.2,1.723640413428967,113,30.0,49,36,13.9,28.2,174.0
N1004,0.6595744680851063,0,59.400865,9.550383,HDAM,286.5,3.1998252714196216,113,30.0,49,36,7.2,21.9,170.0
N26,0.8265457732761979,0,58.906296999999995,8.22607,HDAM,309.3,3.0532737202341007,113,30.0,49,36,33.3,68.9,405.0
H192,0.2873134328358209,0,42.11625,-7.212083,HDAM,870.0,3.576337729293023,63,17.2,67,49,0.0,0.0,89.0
H1328,0.4353932584269663,0,42.4452,25.6364,HROR,229.2,6.530616986463766,72,23.4,62,42,3.0,5.5,26.6
H795,0.08962868117797695,0,64.57875,26.76625,HDAM,118.0,1.2509965463204509,115,26.9,48,35,0.0,0.7,2.0
H250,2.3887079261672097,1,41.693191999999996,-8.027951,HPHS,-1.9,2.753897106959639,77,28.6,70,56,23.9,58.0,197.0
N435,0.6936756756756757,0,61.651647,7.749792999999999,HDAM,1033.3,0.6790033098839969,113,30.0,49,36,13.1,38.4,256.0
H201,0.17251908396946564,0,42.62850200000001,-7.7122,HDAM,229.6,9.85849503452541,77,28.6,70,56,89.3,101.0,240.0
N368,0.530688,0,58.752981999999996,7.857013,HDAM,255.0,1.8815547603816882,113,30.0,49,36,14.2,32.7,166.0
N160,4.989034636871509,2,63.001093000000004,9.020321000000001,HDAM,136.9,3.0256950955641835,113,30.0,49,36,31.0,62.0,182.0
N619,1.6351304347826088,0,70.751417,27.355040999999996,HDAM,18.5,1.7772591817684926,115,26.9,48,35,16.4,47.0,209.0
N161,2.0412712418300654,1,62.185692,10.611858,HDAM,593.3,6.664695437624196,113,30.0,49,36,55.1,79.0,189.0
N252,0.7621548183254344,0,66.951346,14.2253,HDAM,335.3,1.706132945170885,113,30.0,49,36,28.3,60.6,290.0
N16,1.0396530303030302,0,58.983853,7.67232,HDAM,315.6,2.152240432422246,113,30.0,49,36,17.5,44.8,355.0
N402,1.1545104895104894,0,59.91378100000001,9.885792,HDAM,34.4,5.932814150635703,113,30.0,49,36,14.0,33.2,56.3
N624,0.9458483754512635,0,59.62480600000001,9.953291,HDAM,22.5,3.4967324336919225,113,30.0,49,36,10.7,25.5,193.0
H500,1.1531531531531531,0,46.349998,8.6,HDAM,582.9,9.315308016225188,125,41.2,58,40,29.9,71.1,554.0
H313,0.6810543074473729,0,41.9404,24.27,HPHS,415.8,8.04924450161513,81,22.8,59,41,7.9,11.3,54.4
H97,0.5503144654088051,0,44.47095,6.26967,HDAM,739.0,1.5834901096578835,61,28.9,67,54,23.4,40.4,159.0
N249,2.029126213592233,1,66.645942,13.560479,HDAM,8.4,1.6629081904541951,113,30.0,49,36,17.8,33.0,151.0
N91,0.6860333253416447,0,60.96065400000001,5.702609,HDAM,489.7,0.7165472677579114,113,30.0,49,36,0.7,9.7,147.0
N573,0.6553615384615384,0,68.241911,14.479522,HDAM,36.3,0.9713832794696288,113,30.0,49,36,12.9,24.1,248.0
N769,0.3282828282828283,0,60.983575,5.698889,HDAM,598.4,0.9138706526056766,113,30.0,49,36,6.4,12.9,44.8
N114,6.676898444647758,2,60.529495,7.748357,HDAM,1147.4,1.6915805241561863,113,30.0,49,36,12.2,25.6,155.0
H26,4.287048188029344,1,42.159,23.871,HPHS,405.6,5.669525953890142,81,22.8,59,41,12.1,14.1,214.0
H394,3.128555176336746,1,45.82519600000001,7.333163000000001,HDAM,968.0,14.827413544517393,81,38.6,63,45,3.4,17.0,185.0
N353,0.7933424124513618,0,60.892782999999994,6.065016,HPHS,649.4,2.2017272656458333,113,30.0,49,36,23.3,52.9,272.0
H324,3.6435998766781577,1,56.261511999999996,-4.7635879999999995,HDAM,264.5,1.4061678395571031,170,44.3,54,42,17.8,15.8,209.0
H691,0.967741935483871,0,41.682916999999996,19.89625,HDAM,122.0,2.574896635100266,98,48.0,70,48,13.3,24.9,88.9
H1055,0.07464892830746489,0,68.10875,26.722083,HDAM,246.0,6.327817845312268,115,26.9,48,35,0.0,0.0,2.0
H1566,1.9548872180451131,1,45.082917,24.662917,HDAM,379.0,0.9859403490069172,72,23.4,62,42,0.0,0.0,23.1
N308,1.830843373493976,1,61.937433999999996,7.886852999999999,HDAM,798.3,2.3322407269972367,113,30.0,49,36,21.6,40.0,192.0
N241,1.7150816053511706,1,65.80354399999999,12.72901,HDAM,8.1,5.240915494493249,113,30.0,49,36,16.6,31.4,244.0
H126,0.7613636363636364,0,61.38164499999989,13.731379,HDAM,423.2,2.7707982964765376,113,30.0,49,36,0.1,0.0,19.3
N356,0.1433567921440262,0,58.418928,6.109621,HDAM,75.0,0.5670319974044187,113,30.0,49,36,18.3,45.1,116.0
H1194,0.5325443786982248,0,47.235001000000004,12.058,HDAM,1284.6,3.3312010931023615,129,38.1,55,40,18.0,35.1,238.0
N758,1.5833333333333333,0,60.678332999999995,10.352727999999999,HDAM,137.6,5.008615271991483,113,30.0,49,36,8.7,13.8,62.2
N130,1.1728657628128722,0,61.481479,9.314391,HDAM,695.9,0.9864633040851356,113,30.0,49,36,15.7,31.8,123.0
H28,0.26435045317220546,0,41.271328000000004,-6.320278,HPHS,223.1,5.696401294776003,63,17.2,67,49,76.6,75.6,76.2
N46,1.508910714285714,0,59.850283999999995,6.962739,HDAM,1141.3,2.2015801825448613,113,30.0,49,36,40.3,79.7,213.0
N561,0.2722347826086957,0,68.237491,16.747107,HDAM,57.7,0.4966030103371062,105,21.2,50,38,7.4,17.8,154.0
N343,2.6978417266187047,1,59.065338,6.632272,HDAM,649.4,2.2003117284324314,113,30.0,49,36,47.0,89.5,140.0
N403,0.6082957198443579,0,59.996669,10.749974,HDAM,155.8,1.6637388437803908,113,30.0,49,36,14.6,24.0,97.1
N206,2.143009049773756,1,60.911584999999995,9.368901,HDAM,516.1,2.3910361477743955,113,30.0,49,36,34.8,84.9,280.0
N310,6.03185,2,63.986371,11.094741,HDAM,138.8,3.7022584051101775,113,30.0,49,36,22.9,43.1,226.0
N158,8.422303999999999,2,63.038848,8.655876,HDAM,21.6,3.846043610235784,113,30.0,49,36,13.4,40.2,184.0
H42,2.7241379310344827,1,41.872,-8.2025,HPHS,334.4,4.53306329064198,77,28.6,70,56,-7.2,-12.1,95.4
H204,2.641509433962264,1,46.6679,23.059,HDAM,977.1,4.2472479695411405,95,27.2,63,47,2.3,1.6,102.0
H102,0.4786885245901639,0,40.3305,22.1253,HDAM,181.6,5.0139876937807735,65,18.7,65,45,39.3,64.6,170.0
N162,1.1479575757575755,0,62.621834,10.257691000000001,HDAM,757.8,1.5088506783256064,113,30.0,49,36,21.3,42.6,152.0
H1150,0.050387596899224806,0,47.84125,27.225416999999997,HDAM,82.0,0.8160128266475416,77,21.5,58,42,0.6,1.6,0.0
H2328,0.008602150537634409,0,52.762083,-8.477083,HDAM,330.2,13.749158959886534,129,29.8,56,44,2.7,7.7,15.3
N436,0.1808806161745828,0,60.667444999999994,10.601301,HDAM,356.0,3.2469336034413927,113,30.0,49,36,23.1,35.4,42.0
H1824,0.08333333333333333,0,62.590858999999995,16.406570000000002,HDAM,223.7,5.061408634831998,105,21.2,50,38,5.9,12.5,65.8
H94,2.696035242290749,1,46.0508221655,6.94899701138,HDAM,1124.5,4.219427681721038,81,38.6,63,45,8.0,28.1,333.0
N189,1.69391437142078,1,63.355502,10.448813000000001,HDAM,281.9,7.043922849132667,113,30.0,49,36,9.8,9.7,6.0
N36,5.255429054054055,2,59.12481,7.5063,HDAM,312.8,3.735557883591023,113,30.0,49,36,14.8,29.4,358.0
H756,1.4438614900314797,0,40.9871,-7.5353,HDAM,535.4,3.747041168086201,77,28.6,70,56,16.5,14.3,73.4
H68,1.9833333333333327,1,66.95428100000001,19.796076,HDAM,366.6,5.164447545795103,105,21.2,50,38,7.6,13.9,70.5
H171,2.2205882352941178,1,42.009997999999996,19.625,HDAM,30.0,1.2755186787006207,101,65.4,69,51,11.7,35.3,124.0
N107,4.18243359375,1,61.218821,6.063636,HDAM,16.3,2.644790189657493,113,30.0,49,36,24.5,51.1,335.0
H2490,0.5102040816326531,0,62.46369,13.080910000000001,HDAM,290.9,1.831208774433288,113,30.0,49,36,3.7,10.5,46.2
H425,0.187,0,47.065944,13.353102,HDAM,1668.7,0.5841090727710514,115,53.9,59,43,33.9,86.3,298.0
N53,0.6045906040268456,0,59.21679,8.451891999999999,HDAM,255.5,3.104410333260851,113,30.0,49,36,33.9,57.2,367.0
N35,0.8941290322580646,0,59.353127,7.247782000000001,HDAM,913.8,3.1104671056630826,113,30.0,49,36,13.4,26.1,127.0
N408,0.694025,0,60.420730000000006,10.384411,HDAM,138.8,2.4860578855518987,113,30.0,49,36,14.6,31.2,134.0
H409,1.930215293244247,1,60.95096649999989,12.545216,HDAM,294.8,5.9997744280716905,113,30.0,49,36,9.2,10.8,95.5
N190,1.6381647331786542,0,63.19240600000001,10.956678,HDAM,247.7,2.674293505580008,113,30.0,49,36,7.6,13.6,71.8
N690,0.23929961089494164,0,63.03244599999999,8.836884,HDAM,295.4,1.3345274687836746,113,30.0,49,36,10.6,32.8,155.0
N564,0.4819285714285715,0,68.62524599999999,17.260847000000002,HDAM,33.9,2.3212527210195173,105,21.2,50,38,15.9,23.1,127.0
H3424,1.669090909090909,0,46.159346,9.930337,HPHS,298.9,8.165852244499359,83,36.2,64,47,10.6,38.1,243.0
N184,3.0963089552238805,1,63.300242000000004,9.136845,HDAM,224.8,3.76582061971877,113,30.0,49,36,31.3,31.1,28.8
H1522,1.68,1,45.59125,22.95875,HDAM,320.0,0.5910078713911261,95,27.2,63,47,0.0,0.0,12.5
H377,7.352941176470589,2,45.435348,7.4184660000000004,HDAM,704.0,6.500957232504296,81,38.6,63,45,0.0,8.5,235.0
H105,1.8,1,44.96118,5.68874,HDAM,476.2,3.3384305140876327,104,32.8,62,47,3.8,48.2,281.0
N434,1.4817454545454545,0,61.176741,8.390972999999999,HDAM,472.0,1.5025454248097465,113,30.0,49,36,20.6,40.5,159.0
N400,0.29573698630136985,0,59.43871600000001,10.668395,HDAM,6.1,0.6478497601269482,113,30.0,49,36,9.8,17.8,37.1
N259,0.4504112068965517,0,67.355703,14.8518,HDAM,10.9,1.8691314101631695,113,30.0,49,36,17.5,31.0,109.0
N124,0.9649617647058824,0,60.929748,8.422632,HDAM,717.8,3.370744708119324,113,30.0,49,36,10.6,32.8,266.0
N1055,0.19597272727272727,0,59.052308999999994,10.018394,HDAM,4.2,2.6437683473705498,113,30.0,49,36,5.8,15.7,57.9
N266,2.046,1,68.536733,17.028622,HDAM,8.9,0.580533317048571,105,21.2,50,38,12.6,24.6,200.0
H635,3.7433155080213902,1,46.3205,16.7489,HDAM,137.9,7.20200281041924,95,33.1,60,43,3.3,4.8,3.0
N296,3.422718098958333,1,59.625305000000004,7.853282000000001,HDAM,644.1,1.458837973967816,113,30.0,49,36,6.1,18.5,105.0
N15,0.832711592178771,0,58.76363900000001,7.51007,HDAM,370.6,0.5532046786627695,113,30.0,49,36,23.9,57.1,318.0
H888,0.12637362637362634,0,59.54375,13.299582999999998,HDAM,62.0,2.6355389323414578,113,30.0,49,36,0.0,0.9,9.9
N277,1.1992427184466021,0,69.68426099999999,22.154025,HDAM,435.0,0.9953340831439136,115,26.9,48,35,1.9,14.8,147.0
N173,0.44435975609756095,0,60.027536,11.323332,HDAM,114.4,5.917128193119389,113,30.0,49,36,5.8,10.9,74.1
N381,1.4244632352941176,0,59.874725,6.074132,HDAM,631.2,1.0981544468884752,113,30.0,49,36,27.0,46.1,92.5
N490,0.11003142536475873,0,64.843237,11.971394,HDAM,95.8,1.2925458631044424,113,30.0,49,36,29.5,32.2,139.0
N118,0.6709848375451263,0,60.62675,8.181678999999999,HDAM,610.8,3.1482308929294334,113,30.0,49,36,11.1,24.5,225.0
H1057,0.397796817625459,0,60.71220699999989,12.667535,HPHS,349.0,2.5545970530302893,113,30.0,49,36,0.0,0.0,0.0
N591,0.7111111111111111,0,69.762349,30.706360999999998,HDAM,2.2,1.1716837304945251,119,24.9,47,35,11.0,27.5,174.0
N5,6.924331818181818,2,58.659909999999996,6.6987520000000025,HDAM,57.6,3.7883235003400566,113,30.0,49,36,29.1,39.5,185.0
N446,0.4539194630872483,0,61.999026,5.458976,HDAM,17.2,1.3388718923461576,113,30.0,49,36,6.6,25.1,488.0
N864,0.9338521400778208,0,59.708006999999995,6.857516,HDAM,757.5,0.7358024161337853,113,30.0,49,36,6.0,22.2,159.0
N9,1.6046238095238097,0,58.76468199999999,6.36841,HDAM,315.7,1.8591699562420358,113,30.0,49,36,11.9,31.9,223.0
H230,0.3528455284552845,0,46.9386,26.1029,HDAM,1415.9,7.630138552173452,72,23.4,62,42,0.9,0.7,186.0
N517,2.8270384615384616,1,62.357548,6.894803,HDAM,14.7,4.665674356246454,113,30.0,49,36,48.6,103.0,279.0
H440,4.117647058823529,1,45.03048,6.07914,HDAM,751.2,5.805004344249261,104,32.8,62,47,64.0,91.0,395.0
H406,0.9923916639100232,0,42.0135,24.2579,HDAM,598.9,7.626732514284723,81,22.8,59,41,10.8,54.8,283.0
H8,2.5019047619047616,1,44.673,22.531999999999996,HDAM,53.4,9.643988742477877,95,27.2,63,47,9.7,13.9,119.0
N890,0.625,0,61.01993,8.127023,HDAM,1140.0,2.096928513859436,113,30.0,49,36,1.4,7.0,69.7
H909,1.1089681774349085,0,46.337083,27.04625,HDAM,122.0,3.9161898995373,77,21.5,58,42,0.0,0.0,21.3
H402,0.8240601503759398,0,64.945753,15.827496,HDAM,397.4,2.325977794889293,105,21.2,50,38,15.3,24.4,179.0
H496,1.9908256880733943,1,41.583999999999996,26.108,HDAM,110.4,11.141898152206602,72,23.4,62,42,16.2,27.9,127.0
H140,6.956521739130435,2,43.759997999999996,19.289,HDAM,338.0,8.69362452378466,113,36.7,59,41,4.0,5.3,197.0
N345,0.21618271428571428,0,59.128898,6.892177,HPHS,923.1,1.2568579760866476,113,30.0,49,36,19.2,31.3,94.7
H3314,7.155635062611808,2,45.433313,7.417422,HDAM,684.2,6.700121804597282,81,38.6,63,45,0.9,13.6,388.0
N98,4.543368700265253,1,60.50696800000001,7.140933,HDAM,650.6,1.8543356222696403,113,30.0,49,36,23.8,52.7,265.0
N366,0.5124575,0,58.716308,6.632331,HDAM,445.2,0.5080264544063963,113,30.0,49,36,30.5,68.5,254.0
H310,0.4393351800554017,0,39.5429,-8.3188,HDAM,296.7,13.545170784336502,77,28.6,70,56,11.9,13.4,74.6
N880,0.717741935483871,0,61.23997900000001,6.247422,HDAM,751.1,0.9825377375462686,113,30.0,49,36,21.1,43.0,202.0
N449,0.4516044444444444,0,62.256071,5.583927,HDAM,9.0,2.059705187270404,113,30.0,49,36,3.9,8.5,69.9
N396,0.2317589743589744,0,59.362264,9.663048,HDAM,266.8,1.6803862506176617,113,30.0,49,36,24.1,47.5,127.0
N44,1.3917171893147504,0,59.831860999999996,6.881373,HDAM,679.9,2.8317548723814188,113,30.0,49,36,32.4,65.3,380.0
N541,0.06843545454545455,0,64.690137,13.215878,HDAM,353.6,3.9181520671943253,113,30.0,49,36,8.6,20.9,31.9
N271,0.4871969814995131,0,68.657726,18.821514,HDAM,330.7,2.5127374428923632,105,21.2,50,38,16.1,34.1,206.0
N201,0.8528301217038541,0,60.857431999999996,5.696332,HDAM,750.0,0.721215671052416,113,30.0,49,36,20.9,28.8,83.2
H576,1.1791907514450868,0,59.049013,17.465807,HDAM,46.4,0.43982681905287696,105,21.2,50,38,3.7,9.3,11.7
N230,3.014168152866242,1,59.636706000000004,11.154442999999999,HDAM,88.3,0.9573548605629062,113,30.0,49,36,14.3,33.4,58.8
H688,0.3463302752293578,0,42.317001,0.2,HDAM,504.0,4.3155409938047145,119,37.5,64,45,1.7,9.2,94.3
H715,0.1891891891891892,0,66.4990459999999,17.107241000000002,HDAM,542.1,1.3239483057537391,105,21.2,50,38,3.3,5.6,23.3
N375,0.07174,0,58.96678000000001,9.313175,HDAM,43.6,2.0909742612271955,113,30.0,49,36,9.9,15.3,74.8
N1,4.3010696774193535,1,58.29373399999999,6.453253,HDAM,102.2,1.928738504839825,113,30.0,49,36,46.9,76.6,146.0
H897,0.9083333333333332,0,47.651451,10.735525,HDAM,791.3,3.0651568286713062,129,38.1,55,40,1.4,7.0,27.7
H53,3.3823529411764706,1,45.446999,23.768,HDAM,1277.2,3.442892220239649,72,23.4,62,42,1.6,3.8,203.0
N191,0.8621621621621621,0,63.637554,10.132666,HDAM,95.6,3.8664170043267942,113,30.0,49,36,13.5,21.2,81.2
N685,0.2735849056603773,0,61.82909300000001,5.78213,HDAM,391.2,0.3905074817686217,113,30.0,49,36,9.0,27.8,236.0
N460,0.8393354037267079,0,62.833476,8.300592,HDAM,25.7,1.5318843923172096,113,30.0,49,36,8.1,15.9,80.7
N590,0.21861975028376845,0,70.59872,29.057885,HDAM,150.0,1.2913239374737004,119,24.9,47,35,5.1,10.4,63.2
N362,1.5138969957081545,0,58.281282,6.815432,HDAM,26.0,1.2042187453742883,113,30.0,49,36,8.1,14.6,117.0
N483,0.4120153846153846,0,63.14048100000001,10.968042,HDAM,358.1,1.4402726866748552,113,30.0,49,36,4.9,10.3,62.1
N247,5.673861111111113,2,66.336842,14.166998999999999,HDAM,31.6,6.332886607159788,113,30.0,49,36,36.1,69.6,280.0
N644,0.7941176470588235,0,67.31378000000001,15.676101000000001,HDAM,7.4,1.7955729460632637,105,21.2,50,38,14.8,25.0,118.0
N281,0.10752347242921012,0,69.372939,29.69400000000001,HDAM,41.9,1.2432805399902274,119,24.9,47,35,8.4,11.6,20.3
H800,1.6226295828065742,0,41.7686,-7.9504,HDAM,714.6,1.6705086380536378,77,28.6,70,56,3.1,2.9,55.7
N508,0.0812430303030303,0,64.078152,11.632431,HDAM,20.1,1.6712244636498026,113,30.0,49,36,5.8,11.0,48.5
N352,0.4232422680412371,0,63.394119999999994,11.913236,HPHS,454.5,1.4777165551151092,113,30.0,49,36,7.8,17.0,66.2
N43,1.4552391304347827,0,59.930932999999996,6.197613,HDAM,737.1,1.5496342346874454,113,30.0,49,36,51.9,90.0,153.0
N515,0.3322689075630252,0,60.99510400000001,5.7228910000000015,HDAM,599.5,0.917119864089832,113,30.0,49,36,12.1,26.0,200.0
N582,0.4372370990237099,0,69.659081,22.217644,HDAM,613.2,0.8728850317990939,115,26.9,48,35,6.6,12.5,56.4
N321,3.7782340862422994,1,59.00283100000001,6.081568,HDAM,152.1,2.4018369243472795,113,30.0,49,36,12.6,26.4,297.0
N42,6.214258064516129,2,59.690493999999994,6.5702130000000025,HDAM,555.7,1.0000606357925257,113,30.0,49,36,21.8,51.6,283.0
H289,5.476603119584055,2,64.360001,24.409000000000002,HDAM,103.0,7.119780622852581,115,26.9,48,35,0.9,0.9,4.8
N155,2.151594642857143,1,62.627288,8.893746,HDAM,459.5,2.5437412212466946,113,30.0,49,36,35.9,65.5,250.0
N472,0.09504683648315528,0,60.286995,11.194128,HDAM,150.0,5.841381862806696,113,30.0,49,36,10.7,15.0,26.4
H870,2.921875,1,56.699001,-4.408,HROR,269.2,3.4514620347939977,170,44.3,54,42,8.8,19.9,142.0
N40,9.373008695652171,2,59.651863,6.8245119999999995,HDAM,240.5,5.803132189765027,113,30.0,49,36,28.5,56.0,225.0
N683,0.06567164179104477,0,60.433067,8.734342,HDAM,740.6,5.062814153060197,113,30.0,49,36,4.4,4.4,30.5
N1018,0.1567901234567901,0,64.254483,12.545905,HDAM,102.2,3.3034797963106346,113,30.0,49,36,8.7,18.2,74.4
H604,1.6873873873873877,1,41.83225,24.42183,HDAM,565.6,10.134437967200087,81,22.8,59,41,14.0,35.1,248.0
N92,1.39164039408867,0,61.716661,5.236697,HDAM,43.0,0.7444595685824933,113,30.0,49,36,23.5,75.4,436.0
N127,3.7808500000000014,1,61.141693999999994,8.878446,HDAM,551.2,4.796203957970917,113,30.0,49,36,14.1,29.0,149.0
H638,0.03873239436619718,0,39.545417,-1.502917,HDAM,620.0,4.497228180999731,63,17.2,67,49,5.3,32.5,127.0
N119,1.1962053543307087,0,60.626677,8.182144000000001,HDAM,611.0,3.12734090893538,113,30.0,49,36,11.3,24.7,226.0
H1299,3.741666666666666,1,40.3095,-8.2488,HDAM,49.4,2.0767581817010243,77,28.6,70,56,10.6,24.0,83.2
N870,0.4977777777777778,0,65.786879,12.87525,HDAM,199.6,2.191462684738508,113,30.0,49,36,14.6,42.8,99.4
H3329,2.5943396226415096,1,42.25183,-8.1419,HPHS,70.0,4.381183273459416,77,28.6,70,56,3.7,14.0,120.0
N269,1.0488165803108809,0,68.475637,17.626088,HDAM,5.9,3.4190001612183063,105,21.2,50,38,7.0,15.4,305.0
N13,2.4872596153846156,1,58.93561800000001,7.088094,HDAM,897.3,1.0958450477389183,113,30.0,49,36,4.1,2.6,28.5
H322,0.7942307692307692,0,40.0966,21.8039,HDAM,405.0,18.84463226645988,65,18.7,65,45,10.5,41.4,235.0
H736,0.3708381171067737,0,65.476969,15.856519,HDAM,385.8,5.972728071056478,105,21.2,50,38,9.3,11.3,30.5
H1905,0.004602510460251046,0,62.825417,29.475416999999997,HROR,90.0,3.725301912478501,119,24.9,47,35,0.0,0.5,5.0
H137,0.8183333333333334,0,67.729796,17.4849399999999,HDAM,599.8,2.828698313577162,105,21.2,50,38,3.5,7.6,43.4
H213,0.8528784648187633,0,45.3667,24.6307,HDAM,797.5,3.3258028400336874,72,23.4,62,42,20.1,67.4,280.0
H1035,2.0100502512562812,1,44.920417,24.250417000000002,HDAM,189.0,3.1327309480070014,72,23.4,62,42,0.0,0.0,0.0
H122,0.6875,0,40.340284999999994,-8.196778,HPHS,85.3,3.5672866443173032,77,28.6,70,56,39.8,42.2,95.8
H286,0.36507936507936506,0,41.209099,-7.0489999999999995,HPHS,55.1,14.149143534984225,77,28.6,70,56,12.2,32.1,166.0
N571,0.7785000000000001,0,69.38703199999999,17.797773,HDAM,47.0,1.3987902108141783,105,21.2,50,38,13.5,43.5,166.0
N507,0.28629794520547946,0,59.367561,7.892581,HDAM,739.5,1.3867438569971635,113,30.0,49,36,3.8,0.7,3.9
N31,2.644078212290503,1,59.874602,6.073857,HDAM,621.5,1.1158357712587343,113,30.0,49,36,30.0,53.1,107.0
H1154,2.2580645161290325,1,45.215,2.0380000000000003,HDAM,278.4,3.281781858655997,119,37.5,64,45,27.0,58.9,242.0
N150,1.8735383333333333,1,61.899278,8.227095,HDAM,416.6,4.678639852198594,113,30.0,49,36,5.5,14.8,101.0
N461,1.5862761904761904,0,62.804584999999996,8.502891,HDAM,96.6,1.4715298936493744,113,30.0,49,36,10.5,16.2,142.0
H1462,0.5351681957186544,0,47.059583,22.30375,HDAM,211.5,2.349064435302418,95,27.2,63,47,0.1,-0.5,0.5
H634,7.567829457364341,2,46.3113,16.4945,HDAM,156.4,3.36585815161809,95,33.1,60,43,5.0,4.4,2.1
N444,0.5342139037433156,0,61.124573999999996,10.695165,HDAM,699.7,2.5987489223263407,113,30.0,49,36,6.6,8.9,33.5
N501,0.8101690140845071,0,64.42932900000001,10.959254,HDAM,64.9,0.9557015550553892,113,30.0,49,36,16.2,61.6,101.0
N194,1.721029082774049,1,63.84786999999999,10.682239,HDAM,183.8,1.3031586690768486,113,30.0,49,36,20.7,49.0,172.0
H136,0.9789473684210528,0,38.7415,21.3642,HDAM,143.0,5.390208609693532,43,14.4,72,57,-0.2,0.0,34.7
N510,1.7776886035313002,1,59.323002,9.53647,HDAM,145.2,2.237188193382305,113,30.0,49,36,21.5,39.1,128.0
N346,0.429008676092545,0,59.479142,6.692334,HPHS,1041.9,1.6914853104286922,113,30.0,49,36,11.8,12.6,52.6
H123,2.9545454545454546,1,45.3391,22.7213,HDAM,1060.6,1.1511936653632286,95,27.2,63,47,5.6,4.4,171.0
H1234,1.0693069306930694,0,40.5,-7.51,HDAM,866.0,12.933227010435752,77,28.6,70,56,11.9,23.3,146.0
N237,0.29722043230016315,0,64.695063,13.641729999999999,HDAM,503.3,6.425470019204598,113,30.0,49,36,27.5,38.9,127.0
H1599,3.611111111111111,1,45.745416999999996,24.39125,HDAM,378.0,3.506735973620717,72,23.4,62,42,0.6,0.2,4.9
N464,0.502275294117647,0,62.231331000000004,10.342027,HDAM,742.6,2.263536314516921,113,30.0,49,36,25.3,37.3,88.9
N217,0.9619701030927834,0,59.658147,6.985078999999999,HDAM,658.9,3.7969419563105173,113,30.0,49,36,23.3,45.2,281.0
N255,1.6749009321878998,1,67.323103,15.722385999999998,HDAM,289.5,2.8563899776465336,105,21.2,50,38,35.2,69.3,453.0
N49,2.2839713615023483,1,60.125942,6.568911,HDAM,556.4,3.206678703084516,113,30.0,49,36,27.9,68.3,253.0
N904,0.33235294117647063,0,62.112823,7.3877869999999985,HDAM,925.1,0.3858484417873306,113,30.0,49,36,14.2,29.2,184.0
N251,2.1116150375939853,1,66.97119599999999,14.157404999999999,HDAM,109.0,1.7477292374852669,113,30.0,49,36,28.9,58.8,259.0
H132,0.38662146303299,0,41.368999,0.27399999999999997,HDAM,74.9,9.21902549313631,119,37.5,64,45,29.6,37.1,115.0
N182,0.15257152000000002,0,62.996363,11.826642999999999,HDAM,710.9,2.169342024264832,113,30.0,49,36,7.7,13.3,44.1
H810,1.3947368421052628,0,44.177917,24.48375,HDAM,74.0,4.417029781775163,72,23.4,62,42,0.0,0.0,6.0
N27,0.7861674988651838,0,58.951933999999994,8.394045,HDAM,266.7,0.4539542105380301,113,30.0,49,36,38.5,54.5,339.0
N428,2.388247619047619,1,60.746899,7.134759,HDAM,676.3,1.1236802786396158,113,30.0,49,36,34.3,67.2,273.0
N163,1.1139566666666667,0,62.66241700000001,10.139673,HDAM,699.2,0.8305353963540588,113,30.0,49,36,21.3,41.3,159.0
H110,1.0886075949367089,0,43.272999,18.841998999999998,HDAM,632.8,9.716312050989671,113,36.7,59,41,18.9,41.0,442.0
N88,0.5334640968787311,0,60.554264,6.029859,HDAM,694.4,1.1186437875044035,113,30.0,49,36,16.2,38.3,150.0
N221,1.9734271099744245,1,60.974957999999994,6.0624949999999975,HDAM,624.9,1.048650124733597,113,30.0,49,36,34.9,75.1,177.0
N193,4.360443548387097,1,63.927744,10.233433999999999,HDAM,332.1,1.8035891150643248,113,30.0,49,36,26.3,50.6,42.9
H955,0.6673640167364017,0,39.5649,-7.8123,HDAM,89.3,3.635873237313232,77,28.6,70,56,21.6,26.6,112.0
H486,0.2962962962962963,0,41.632529999999996,25.33801,HDAM,300.9,5.505827761467471,81,22.8,59,41,15.4,20.4,137.0
H188,4.738186462324394,2,47.074251000000004,9.874371,HDAM,994.2,0.28606998031811576,120,37.3,58,42,0.8,9.6,181.0
H88,8.475609756097562,2,46.804819733900004,10.331344182999901,HDAM,1140.2,15.006216557210829,120,37.3,58,42,10.3,12.8,95.4
H3427,2.08,1,46.171155999999996,10.06145,HDAM,834.7,10.396756931384727,120,37.3,58,42,13.2,24.0,108.0
H47,5.891891891891893,2,45.68545,6.62248999999999,HDAM,1550.9,0.6172057546426778,81,38.6,63,45,2.1,2.1,62.7
N169,3.748257839721256,1,59.128023,11.43825,HDAM,81.4,3.4064754267883344,113,30.0,49,36,13.1,20.0,26.8
H3408,5.859872611464969,2,42.6717259,1.7009906000000004,HDAM,1697.8,0.37140208619675497,119,37.5,64,45,60.5,104.0,371.0
N14,0.19508,0,59.026672999999995,7.089142999999999,HDAM,914.4,1.6245566419647737,113,30.0,49,36,32.6,40.1,64.4
N899,0.03731669114047968,0,60.227764,10.375241,HDAM,130.5,1.2198204131429309,113,30.0,49,36,7.5,23.7,57.0
N556,0.5198141025641025,0,68.586646,15.514319,HDAM,154.4,0.8741314154171999,105,21.2,50,38,8.7,19.3,116.0
N290,2.5340926966292128,1,61.4371,7.2347899999999985,HDAM,293.3,5.733601718504039,113,30.0,49,36,23.8,47.8,215.0
N45,3.0016611295681064,1,59.818537,6.8185759999999975,HDAM,570.5,3.015329185973976,113,30.0,49,36,69.0,115.0,353.0
N25,0.5609957219251337,0,68.090128,17.716649,HDAM,799.1,2.4758106490726304,105,21.2,50,38,2.1,5.2,72.4
H1463,0.6616257088846881,0,47.07875,22.207917000000002,HDAM,190.0,3.015469565111049,95,27.2,63,47,0.9,0.9,0.0
N205,0.8143311999999999,0,59.310502,9.045155000000001,HDAM,81.7,2.604618692843089,113,30.0,49,36,26.3,42.7,195.0
N457,2.0239691358024694,1,62.34751800000001,8.050175,HDAM,163.9,4.005748101910325,113,30.0,49,36,7.9,25.8,184.0
N390,0.16833991228070175,0,59.674307999999996,8.558894,HDAM,755.5,2.5693524061534827,113,30.0,49,36,17.8,39.6,84.0
N377,0.19597272727272727,0,59.052673,10.018279,HDAM,5.7,2.645196902867297,113,30.0,49,36,5.6,15.6,63.4
N248,0.7713972972972972,0,66.375658,13.657310999999998,HDAM,593.8,1.8584985163296817,113,30.0,49,36,43.2,81.5,118.0
H814,1.3205128205128205,0,43.920417,24.625417000000002,HDAM,50.0,6.100293738357292,72,23.4,62,42,0.0,0.0,0.0
H277,0.4621072088724584,0,42.734001,18.497,HDAM,128.9,10.371807197371677,101,65.4,69,51,19.0,81.1,265.0
H3330,1.5741789354473388,0,40.991739,-8.1419,HDAM,455.4,16.56266846632291,77,28.6,70,56,9.8,16.9,109.0
N133,1.3527323999999998,0,61.00656899999999,10.031814,HDAM,498.8,5.45138154866853,113,30.0,49,36,3.4,7.1,51.6
H346,0.44,0,66.314003,27.190001000000002,HDAM,238.4,3.185317790337851,115,26.9,48,35,1.8,3.3,9.2
N407,0.03731669114047968,0,60.227748,10.376135000000001,HDAM,130.9,1.1992506470033564,113,30.0,49,36,18.5,23.4,55.0
H743,0.2236486033144723,0,41.6428,24.153000000000002,HDAM,1194.9,7.6658897961551675,81,22.8,59,41,1.3,7.2,127.0
N562,0.433172,0,68.327861,16.786002,HDAM,84.3,3.4428569753527456,105,21.2,50,38,13.7,27.1,55.1
H1436,0.18695652173913044,0,66.830913,18.97472,HDAM,297.0,5.345910239474755,105,21.2,50,38,0.0,1.1,6.0
H804,0.08625,0,44.622793,22.641357,HDAM,53.3,4.072044872443688,81,22.8,59,41,3.4,9.6,27.7
N226,1.7893593919652553,1,60.464282999999995,5.915178,HDAM,488.4,1.4136013668918943,113,30.0,49,36,31.6,84.4,253.0
H923,9.166666666666666,2,46.187083,27.18375,HDAM,108.0,1.2674890850756164,77,21.5,58,42,0.0,0.0,0.0
H949,0.7870967741935484,0,45.495416999999996,26.250417,HDAM,534.0,1.4654631369630045,72,23.4,62,42,0.7,16.4,214.0
N349,0.4270417163289631,0,61.56590500000001,7.866189,HPHS,1086.8,0.3870026597266446,113,30.0,49,36,16.3,35.3,127.0
N263,1.1224597402597405,0,67.824218,15.993795,HDAM,76.4,0.5916549576464738,105,21.2,50,38,11.2,28.9,194.0
H850,1.0483870967741935,0,45.162083,22.732917,HDAM,671.2,1.2087502395477083,95,27.2,63,47,1.0,7.5,85.7
N497,0.07676470588235294,0,62.133171999999995,7.5592380000000015,HDAM,1349.3,0.8258111206471496,113,30.0,49,36,23.7,54.2,219.0
N265,3.1279595588235294,1,68.20108499999999,17.36584,HDAM,253.1,2.5917391493108486,105,21.2,50,38,43.8,91.6,544.0
H302,1.263537906137184,0,41.771,20.84,HDAM,455.9,10.420406131660176,65,18.7,65,45,22.0,51.1,184.0
N29,1.247160390516039,0,59.657665,6.096469,HDAM,202.7,0.4310198399901203,113,30.0,49,36,25.2,66.2,414.0
H439,0.4844961240310077,0,41.404999,21.936001,HDAM,174.6,6.408422660524082,65,18.7,65,45,21.4,54.3,281.0
N264,2.8434439252336445,1,68.06065600000001,16.668725,HDAM,323.6,1.2929396842696632,105,21.2,50,38,26.8,51.4,157.0
N570,1.3483372093023256,0,69.433207,17.483038,HDAM,2.0,2.2838953266787936,105,21.2,50,38,3.4,5.7,106.0
N246,0.8949823529411765,0,66.06270699999999,13.997822,HDAM,63.4,3.1574358279134773,113,30.0,49,36,13.8,24.8,169.0
N363,1.518838383838384,0,58.222591,7.335344,HDAM,43.4,0.8197123970448038,113,30.0,49,36,14.2,47.8,198.0
H1565,0.5109489051094891,0,44.982917,24.742082999999997,HDAM,324.0,1.5026101193382568,72,23.4,62,42,0.0,0.0,0.0
H257,5.174603174603175,2,42.8211,0.010329999999999999,HDAM,517.0,9.58819220962915,119,37.5,64,45,10.7,19.1,320.0
H918,1.7082250341997265,1,39.9622222,9.5055556,HDAM,693.0,5.632672022447567,78,31.4,71,48,14.2,28.6,181.0
H513,0.7705627705627706,0,54.874140000000004,24.0,HDAM,48.5,4.249447386209607,122,26.9,50,36,6.6,-0.2,1.4
H566,4.156684733514012,1,45.2286,14.6736,HDAM,92.7,0.5879401010414446,115,53.9,59,43,11.8,27.9,185.0
H974,0.2933333333333333,0,58.986325,14.106716,HDAM,59.2,7.782467463764286,113,30.0,49,36,1.8,2.7,19.3
H590,2.183673469387754,1,66.706406,19.516481,HDAM,284.0,0.792594669115866,105,21.2,50,38,1.0,2.8,50.1
N295,5.579211764705882,2,66.796875,14.000939,HDAM,4.8,1.1660052609234135,113,30.0,49,36,5.2,27.3,361.0
N546,0.97515,0,66.875106,13.84261,HDAM,68.9,1.0731195174128936,113,30.0,49,36,10.7,41.4,207.0
N245,3.2220055555555565,1,66.310342,13.563553,HDAM,30.2,2.6480407104419537,113,30.0,49,36,18.0,37.6,160.0
N299,0.5460162444401471,0,59.736731000000006,7.4345550000000005,HDAM,816.7,0.863340848947663,113,30.0,49,36,11.8,14.6,120.0
N686,0.45,0,61.821713,5.7990660000000025,HDAM,394.5,0.8745422382425527,113,30.0,49,36,28.6,58.6,253.0
H1045,3.0,1,46.269580299999994,9.872098699999999,HPHS,980.3,6.241095031285207,120,37.3,58,42,11.8,34.7,237.0
N116,2.3118033766233768,1,60.567368,8.410259,HDAM,619.7,3.358006451923365,113,30.0,49,36,19.4,37.9,193.0
H266,6.6890322580645165,2,46.2302203342,7.85719305844,HDAM,144.5,17.578140587187633,81,38.6,63,45,17.3,28.5,280.0
N12,2.403902019002375,1,58.77569200000001,7.0129649999999994,HDAM,719.5,1.0854514738421746,113,30.0,49,36,13.5,9.4,9.7
N62,0.5064610485056346,0,59.686023,9.142329,HDAM,162.7,3.631244029017493,113,30.0,49,36,32.1,33.8,90.1
H679,3.1953352769679304,1,47.077999,13.417,HDAM,2774.3,2.021065706961501,115,53.9,59,43,41.5,51.3,-130.0
N178,0.932,0,61.163872999999995,11.456755000000001,HDAM,220.2,1.8914226623224284,113,30.0,49,36,15.9,16.1,52.7
N430,1.840425,1,60.804002000000004,7.35285,HDAM,1214.0,1.1365583294374997,113,30.0,49,36,34.5,62.0,317.0
N270,4.529073469387755,1,67.451702,15.742424,HDAM,348.9,2.7342793992756578,105,21.2,50,38,5.8,27.4,170.0
H124,0.7397260273972602,0,39.1845,21.0255,HDAM,103.2,1.3400691661042503,98,48.0,70,48,16.0,21.4,47.8
N592,0.9504285714285716,0,70.773472,25.616455,HDAM,4.8,1.8033424670198441,115,26.9,48,35,7.8,22.5,208.0
H11,2.6904761904761907,1,44.668999,22.526999999999997,HDAM,59.7,10.066658517936373,95,27.2,63,47,7.0,7.6,30.0
N581,0.5956705202312138,0,69.963365,18.907725,HDAM,4.3,1.2381945552769495,105,21.2,50,38,15.1,22.8,191.0
N239,0.17890060483870968,0,64.886275,13.562079,HDAM,426.5,3.5448905173882674,113,30.0,49,36,15.9,29.6,58.0
H1840,0.3150684931506849,0,61.490515,14.712678,HDAM,412.5,2.401649001332895,105,21.2,50,38,7.3,10.2,19.5
H96,3.3571428571428568,1,46.5680720667,8.31932651704,HPHS,1942.2,0.9515322859210452,125,41.2,58,40,38.0,109.0,361.0
H1873,0.03470437017994859,0,65.6833333,18.1666667,HDAM,420.0,3.1527085706057214,105,21.2,50,38,0.0,0.0,5.0
N109,3.2044096185737976,1,61.350356999999995,6.573761999999999,HDAM,689.6,2.2609134525575314,113,30.0,49,36,67.0,125.0,324.0
H976,5.813953488372092,2,61.489481999999995,16.381977,HDAM,115.9,1.869994361819565,105,21.2,50,38,2.4,4.2,12.1
H57,0.5782608695652174,0,42.243999,20.014999,HDAM,715.8,4.681898470243512,101,65.4,69,51,14.0,27.9,109.0
N577,0.4602487725040917,0,69.235588,20.523863000000002,HDAM,585.7,0.4553072114961954,115,26.9,48,35,6.3,11.1,39.3
H1020,2.8110599078341014,1,44.449583000000004,24.312917000000002,HDAM,114.0,3.998609489507692,72,23.4,62,42,0.0,0.0,0.4
H725,5.115652245661321,2,56.771999,-3.353,HDAM,503.2,2.3294022469620486,170,44.3,54,42,3.2,7.8,2.2
N108,3.834784810126582,1,61.218879,6.063321,HDAM,23.8,2.6310618478598387,113,30.0,49,36,23.6,53.4,331.0
N95,0.6233960451977401,0,60.55784,6.211286,HDAM,593.8,1.436958706170076,113,30.0,49,36,13.6,29.9,141.0
N307,0.6256030614654673,0,58.881372,6.817814,HDAM,652.4,1.0671299646094399,113,30.0,49,36,33.3,59.1,102.0
N101,5.045748337028825,2,61.021374,6.5676619999999994,HDAM,352.6,2.5947751218640898,113,30.0,49,36,25.6,42.8,229.0
N240,2.9189994683678897,1,65.20919599999999,12.796868,HDAM,152.3,3.390597309995492,113,30.0,49,36,30.3,50.3,209.0
N283,0.5549819308208571,0,70.409576,26.701874,HDAM,105.0,1.3297201024797431,115,26.9,48,35,23.7,51.7,137.0
N216,3.3085,1,63.032098,11.703237,HDAM,532.5,0.7115458766000228,113,30.0,49,36,5.3,19.5,103.0
H851,0.7688888888888888,0,44.537083,24.325417,HDAM,134.0,4.9527882291031915,72,23.4,62,42,0.0,0.0,0.0
H578,0.8333333333333334,0,62.53208299999999,13.092083,HDAM,651.5,2.0862556184914056,113,30.0,49,36,5.4,11.4,72.0
N623,0.038198130841121496,0,60.08339399999999,8.286923,HDAM,1089.9,1.9573252047580905,113,30.0,49,36,6.3,10.6,50.0
N391,0.2910174897119341,0,59.71544100000001,8.699349,HDAM,746.2,1.3810542884702552,113,30.0,49,36,16.7,27.6,203.0
N179,1.1559275471698114,0,61.237602,11.517878,HDAM,340.8,2.6592315902105192,113,30.0,49,36,1.3,6.3,36.6
H908,8.91891891891892,2,45.012083000000004,24.29625,HDAM,208.3,1.1112322395173546,72,23.4,62,42,1.0,-0.3,10.9
H183,5.731853053998227,2,40.127148,9.140644,HPHS,352.0,0.451836486022046,78,31.4,71,48,0.1,17.6,152.0
N258,0.7667128964059197,0,67.12091099999999,16.120824,HDAM,405.1,3.5517315665594262,105,21.2,50,38,15.9,26.2,141.0
N70,2.155707386363636,1,60.267223,8.959338,HDAM,371.0,0.16988742498603487,113,30.0,49,36,15.4,34.5,228.0
N886,0.2989130434782609,0,65.375479,12.753035,HDAM,287.2,0.9389314826809227,113,30.0,49,36,15.3,38.7,154.0
H229,8.676470588235292,2,43.448002,17.837,HDAM,95.2,5.4899598048772456,113,36.7,59,41,26.2,63.6,184.0
N58,4.662858552631579,1,59.60825300000001,8.713219,HDAM,289.0,1.4674156832688274,113,30.0,49,36,16.6,36.4,266.0
H520,2.1875,1,62.3833333,17.3166667,HDAM,25.0,2.3884868224748645,105,21.2,50,38,4.3,7.6,39.6
N759,0.13002364066193856,0,59.739328,6.518956,HDAM,531.7,2.089502775105192,113,30.0,49,36,19.6,55.1,237.0
N113,2.0196506024096386,1,61.520817,7.308742,HDAM,946.3,4.365827474655416,113,30.0,49,36,13.6,18.3,64.0
N397,1.2739161676646706,0,59.24281600000001,9.811942,HDAM,36.0,0.5971590559280319,113,30.0,49,36,16.2,29.7,66.3
N152,0.5581369230769231,0,61.817179,8.951578,HDAM,824.1,2.821088680276826,113,30.0,49,36,10.6,21.9,73.8
H477,0.16642120765832105,0,41.958,0.634,HDAM,699.3,5.963485168795981,119,37.5,64,45,23.4,45.3,164.0
H714,2.336565096952908,1,41.653,-8.231,HDAM,138.4,4.9947091544586275,77,28.6,70,56,10.2,19.6,133.0
H1455,1.3453065617327549,0,57.775002,-4.955,HDAM,472.0,4.089565323127056,170,44.3,54,42,3.6,10.4,126.0
N585,0.27531,0,70.382998,23.702772,HDAM,227.4,0.9801609880652702,115,26.9,48,35,9.7,18.3,53.6
N401,1.4145380710659898,0,60.053334,9.54561,HDAM,119.0,1.1335234833979402,113,30.0,49,36,5.1,15.9,118.0
H610,0.4252577319587629,0,41.61227,25.640520000000002,HDAM,172.0,10.228800553456251,81,22.8,59,41,12.6,30.4,142.0
N267,0.8618125,0,68.403304,17.421529999999994,HDAM,60.0,3.4287209764984823,105,21.2,50,38,29.8,47.9,279.0
N302,2.325365979381443,1,59.496878,7.829058,HDAM,553.2,2.389054747630079,113,30.0,49,36,46.6,92.9,419.0
N134,1.6664840294840295,0,61.115301,10.454125999999999,HDAM,132.9,3.670889814445732,113,30.0,49,36,5.7,20.8,54.2
H410,2.7116212338593972,1,41.763284999999996,-8.20976499999999,HPHS,492.1,2.5544602152247786,77,28.6,70,56,32.3,53.9,201.0
H936,4.203636363636363,1,41.41,-8.5,HDAM,123.0,35.348131023094936,77,28.6,70,56,3.3,5.3,9.9
N112,1.308982,0,61.445797,6.009602,HDAM,58.7,2.178034212351492,113,30.0,49,36,8.2,17.7,63.0
H1118,4.589403973509933,1,42.1373,23.5691,HDAM,1876.0,0.8403475196563549,81,22.8,59,41,3.7,3.4,122.0
H303,1.3948497854077253,0,43.757,17.743,HDAM,391.5,9.181575262217915,113,36.7,59,41,39.7,69.8,134.0
H602,9.622222222222222,2,66.36875,26.689583000000002,HDAM,99.0,5.739048368661826,115,26.9,48,35,0.0,0.0,27.9
N143,3.7538385518590993,1,61.801737,5.669954,HDAM,472.2,2.2340685693325866,113,30.0,49,36,31.0,59.7,540.0
N326,0.2070063694267516,0,66.057335,14.243865,HDAM,618.4,1.9261738533800408,113,30.0,49,36,15.9,33.7,147.0
N529,0.4056774193548385,0,60.943698,10.745986,HDAM,227.1,3.320757334703832,113,30.0,49,36,8.4,23.6,76.7
N37,2.0933577661431064,1,59.68751500000001,6.521502,HDAM,355.3,1.685164349961845,113,30.0,49,36,36.6,66.0,278.0
N280,8.495562231759656,2,69.71935400000001,22.057419,HDAM,36.8,2.9566919233700872,115,26.9,48,35,14.4,17.0,151.0
H1133,0.1950413223140496,0,66.467003,16.549485,HDAM,477.0,1.7519631195713443,105,21.2,50,38,0.0,0.0,3.1
H938,2.7333333333333334,1,64.717559,18.242239,HDAM,269.4,3.377081980578463,105,21.2,50,38,0.9,-0.5,5.4
H1602,2.3673469387755097,1,45.835417,24.860417,HDAM,417.0,2.2880505526496675,72,23.4,62,42,1.3,9.4,109.0
H1064,0.016631578947368414,0,58.35555600000001,12.374444,HDAM,41.0,4.306445416119026,113,30.0,49,36,4.2,7.2,14.0
N519,0.39204054054054055,0,63.796845999999995,11.816394,HDAM,43.0,3.8401881355099015,113,30.0,49,36,13.1,19.6,98.3
N164,2.3029166666666665,1,62.915994999999995,9.680166999999999,HDAM,604.6,5.421917059529281,113,30.0,49,36,1.8,-0.2,47.5
N288,4.629383783783784,1,60.44,6.412634,HDAM,680.0,3.2354223438277896,113,30.0,49,36,34.2,47.2,224.0
H3283,1.3194444444444444,0,40.69398620000001,20.439501,HDAM,521.4,23.19371885795897,98,48.0,70,48,32.5,73.6,200.0
N243,5.214210144927536,2,66.053038,13.336591,HDAM,117.9,2.439306787993232,113,30.0,49,36,15.7,31.2,174.0
N192,0.7683,0,63.726499,10.865013000000001,HDAM,142.7,2.0001680531337103,113,30.0,49,36,30.8,70.8,165.0
H114,1.981981981981982,1,45.214659999999995,6.71208,HDAM,1090.4,3.707128299788645,81,38.6,63,45,5.0,15.5,268.0
H187,0.6493506493506493,0,45.41269000000001,2.4986200000000003,HDAM,445.9,5.262313026762142,104,32.8,62,47,31.6,88.8,170.0
H643,3.1711822660098523,1,56.707001,-4.02,HDAM,146.6,4.09162788394086,170,44.3,54,42,2.0,7.7,78.4
N140,0.9866560283687944,0,61.768853,5.304794,HDAM,131.6,1.0250943031554542,113,30.0,49,36,63.1,87.6,243.0
N479,0.5632914572864323,0,63.293668000000004,9.728589,HDAM,85.9,2.268931517337075,113,30.0,49,36,37.2,54.6,195.0
H1021,2.3927765237020315,1,45.074583000000004,24.364583,HDAM,225.0,1.777966281954076,72,23.4,62,42,0.2,1.1,3.3
N646,2.3686666666666665,1,60.976254000000004,5.280915,HDAM,5.1,1.5494805658479691,113,30.0,49,36,20.9,46.8,317.0
H1365,0.5450678011167243,0,47.165417,24.877917,HDAM,798.0,1.9469775270474343,72,23.4,62,42,18.3,41.5,172.0
N358,1.1074415584415584,0,58.828058999999996,6.055009,HDAM,44.1,1.4179272300736978,113,30.0,49,36,16.7,38.2,200.0
N485,0.3651973333333334,0,63.848701,9.890697,HDAM,8.2,1.9271561040149048,113,30.0,49,36,8.1,13.5,148.0
N312,1.35,0,59.159053,6.612866,HDAM,775.8,0.7655230067064818,113,30.0,49,36,16.3,34.6,70.8
H1772,0.5589714924538849,0,45.249583,25.735417,HDAM,632.2,0.8654524484421259,72,23.4,62,42,11.3,24.9,100.0
H1200,0.2801120448179272,0,56.123701000000004,13.116029999999999,HDAM,7.4,0.3998925341934242,102,20.6,53,41,3.3,7.3,23.3
N491,0.3671560178306092,0,64.838852,11.95325,HDAM,50.0,1.9393233326223749,113,30.0,49,36,19.8,23.1,52.4
H384,0.19035202086049546,0,43.73687,6.1342300000000005,HDAM,466.8,4.182780947604093,53,20.3,68,51,30.2,63.7,173.0
N731,0.0427807486631016,0,62.930266,12.151988000000001,HDAM,846.4,2.2738971835327444,113,30.0,49,36,4.6,5.6,15.1
N431,0.5056752336448599,0,61.750060999999995,6.276408,HDAM,57.4,3.499295111050564,113,30.0,49,36,17.6,19.8,74.3
H334,0.4457142857142857,0,63.197917000000004,13.50875,HDAM,547.2,2.2334348689299617,113,30.0,49,36,2.1,3.6,6.8
N674,0.2358490566037736,0,59.161687,8.730756,HDAM,435.4,2.9766503127223327,113,30.0,49,36,10.4,24.5,200.0
N22,7.704329268292684,2,58.530437,8.334303,HDAM,129.8,2.512595188152294,113,30.0,49,36,2.9,15.4,57.7
N110,6.596549056603774,2,61.27795,7.150453999999999,HDAM,210.0,3.220209515400984,113,30.0,49,36,45.2,117.0,270.0
N10,3.631472,1,59.01098100000001,6.4451279999999995,HDAM,629.5,2.5736409517486383,113,30.0,49,36,32.7,69.2,112.0
N204,0.4162433712121213,0,59.204846999999994,7.8351229999999985,HDAM,601.6,0.5853586301534043,113,30.0,49,36,5.1,10.2,253.0
N199,1.5300785123966942,0,60.805201000000004,7.3773050000000016,HDAM,1095.0,1.7647559099375474,113,30.0,49,36,38.3,84.4,369.0
N209,3.1396276595744683,1,58.55796700000001,7.3671820000000015,HDAM,427.0,1.6151855526397108,113,30.0,49,36,14.5,33.0,158.0
H65,1.7079264138087669,1,47.275002,12.755999999999998,HPHS,762.0,6.497842090631652,129,38.1,55,40,3.2,8.6,64.9
N337,0.44435975609756095,0,60.029155,11.319597,HDAM,126.1,6.146872612770367,113,30.0,49,36,17.7,33.8,72.4
H515,3.38,1,66.42400400000001,25.540001,HDAM,74.4,4.079234589997661,115,26.9,48,35,-0.3,1.2,6.5
H222,0.4537313432835821,0,66.976846,18.573706,HDAM,459.6,3.961826656265589,105,21.2,50,38,15.9,13.5,37.2
N551,0.14212527472527473,0,68.004201,13.161107999999999,HDAM,22.1,2.1804406808043506,113,30.0,49,36,18.3,54.2,204.0
N594,0.20672033023735809,0,60.16857099999999,6.671919,HDAM,1033.3,0.6356137286988514,113,30.0,49,36,14.3,39.7,211.0
N21,2.254610886189833,1,58.390377,7.894692,HDAM,122.6,1.6428131894319555,113,30.0,49,36,20.4,47.4,87.5
N348,0.277904347826087,0,61.00358000000001,8.068592,HPHS,1161.9,3.7401275836052883,113,30.0,49,36,25.6,52.2,146.0
N574,0.6096606060606059,0,67.939458,12.981879,HDAM,7.0,0.8901439222383541,113,30.0,49,36,28.3,51.4,400.0
N94,1.8922787610619467,1,61.61468000000001,5.678051,HDAM,66.2,1.8426096727395904,113,30.0,49,36,10.5,20.8,177.0
N522,0.10139544962080174,0,61.029947,9.049017,HDAM,359.6,0.6530287531480539,113,30.0,49,36,6.3,9.8,81.5
N268,2.5970252897787143,1,68.397625,17.799681,HDAM,490.5,3.2094909118234085,105,21.2,50,38,17.9,31.8,148.0
N96,4.069222891566266,1,60.662251,6.118739,HDAM,510.5,2.5947400189420917,113,30.0,49,36,23.0,36.1,123.0
N128,0.6190866274179982,0,61.25827099999999,8.757071,HDAM,794.5,2.188107086060076,113,30.0,49,36,14.6,29.3,184.0
H811,1.0833333333333333,0,44.045417,24.57125,HDAM,64.0,3.8511925197700023,72,23.4,62,42,0.0,0.0,1.0
N141,4.920616822429906,2,61.77111,5.2976230000000015,HDAM,3.0,1.1868733140389016,113,30.0,49,36,24.9,39.2,210.0
N324,9.095744680851064,2,61.23865,6.1593599999999995,HDAM,440.3,1.1519729265190428,113,30.0,49,36,38.9,55.0,197.0
N621,1.1838006230529594,0,59.73255500000001,7.544277,HDAM,577.6,1.1553782311680396,113,30.0,49,36,28.3,58.0,280.0
H435,1.5625,0,46.443064,9.334613000000001,HDAM,1249.0,4.25792667275581,120,37.3,58,42,2.3,13.1,319.0
H529,0.6385390428211587,0,46.175999,8.684,HDAM,696.5,12.215936831353906,83,36.2,64,47,16.3,33.0,160.0
H18,0.5850727387729285,0,39.730301000000004,-6.8849,HDAM,219.3,5.292870881696111,77,28.6,70,56,-1.1,-1.7,22.5
N50,3.0264892412231035,1,60.129931000000006,6.641964999999999,HDAM,524.3,0.9246966059243656,113,30.0,49,36,33.9,84.9,477.0
H1240,0.2878338278931751,0,64.607742,15.465791000000001,HDAM,353.0,1.4671686598568114,105,21.2,50,38,2.0,3.5,41.1
